Number.of.Homicide.Convictions,Number.of.Homicide.Unsuccessful,Number.of.Offences.Against.The.Person.Convictions,Number.of.Offences.Against.The.Person.Unsuccessful,Number.of.Sexual.Offences.Convictions,Number.of.Sexual.Offences.Unsuccessful,Number.of.Burglary.Convictions,Number.of.Burglary.Unsuccessful,Number.of.Robbery.Convictions,Number.of.Robbery.Unsuccessful,Number.of.Theft.And.Handling.Convictions,Number.of.Theft.And.Handling.Unsuccessful,Number.of.Fraud.And.Forgery.Convictions,Number.of.Fraud.And.Forgery.Unsuccessful,Number.of.Criminal.Damage.Convictions,Number.of.Criminal.Damage.Unsuccessful,Number.of.Drugs.Offences.Convictions,Number.of.Drugs.Offences.Unsuccessful,Number.of.Public.Order.Offences.Convictions,Number.of.Public.Order.Offences.Unsuccessful,Number.of.All.Other.Offences..excluding.Motoring..Convictions,Number.of.All.Other.Offences..excluding.Motoring..Unsuccessful,Number.of.Motoring.Offences.Convictions,Number.of.Motoring.Offences.Unsuccessful,Number.of.Admin.Finalised.Unsuccessful
54 ,20 ,10056 ,2644 ,994 ,337 ,1099 ,188 ,370 ,92 ,6192 ,579 ,867 ,140 ,1767 ,245 ,3465 ,283 ,3296 ,570,739,119,7167 ,1160 ,948
2 ,1 ,255 ,62 ,41 ,9 ,29 ,3 ,8 ,4 ,140 ,7 ,25 ,2 ,60 ,10 ,53 ,4 ,75 ,9,14,3,184,21,33
0 ,0 ,115 ,18 ,4 ,0 ,8 ,1 ,6 ,0 ,68 ,10 ,7 ,1 ,9 ,3 ,17 ,2 ,19 ,6,5,1,97,25,22
1 ,0 ,108 ,27 ,13 ,1 ,12 ,1 ,0 ,1 ,65 ,3 ,9 ,0 ,17 ,1 ,23 ,2 ,23 ,2,6,4,70,7,16
3 ,1 ,263 ,64 ,18 ,11 ,17 ,3 ,7 ,2 ,145 ,14 ,15 ,0 ,40 ,3 ,103 ,4 ,123 ,16,12,2,230,41,12
1 ,1 ,118 ,36 ,10 ,1 ,22 ,11 ,7 ,1 ,175 ,5 ,15 ,4 ,30 ,4 ,48 ,4 ,46 ,8,7,0,55,10,4
0 ,0 ,102 ,11 ,3 ,0 ,8 ,3 ,5 ,1 ,71 ,5 ,7 ,1 ,19 ,0 ,19 ,0 ,21 ,1,4,0,99,6,2
0 ,0 ,173 ,35 ,13 ,1 ,17 ,0 ,10 ,0 ,131 ,13 ,18 ,0 ,31 ,2 ,51 ,7 ,62 ,5,11,1,100,13,11
1 ,0 ,195 ,29 ,8 ,3 ,33 ,2 ,2 ,0 ,111 ,4 ,7 ,1 ,37 ,3 ,56 ,1 ,72 ,8,8,4,178,20,11
1 ,1 ,132 ,22 ,17 ,1 ,8 ,2 ,3 ,3 ,68 ,2 ,5 ,1 ,24 ,4 ,41 ,2 ,53 ,9,11,1,96,18,7
0 ,0 ,134 ,17 ,7 ,2 ,19 ,1 ,2 ,1 ,139 ,7 ,6 ,0 ,22 ,2 ,14 ,0 ,24 ,0,7,1,103,2,7
1 ,0 ,74 ,20 ,7 ,4 ,3 ,1 ,0 ,0 ,46 ,3 ,1 ,0 ,14 ,0 ,39 ,2 ,26 ,1,4,0,66,5,5
4 ,0 ,283 ,61 ,32 ,15 ,25 ,4 ,7 ,1 ,116 ,9 ,18 ,4 ,42 ,7 ,73 ,5 ,64 ,8,19,3,188,77,25
0 ,0 ,69 ,11 ,4 ,1 ,2 ,1 ,1 ,0 ,47 ,4 ,5 ,2 ,16 ,0 ,18 ,0 ,23 ,3,2,0,54,7,8
2 ,0 ,493 ,104 ,71 ,32 ,51 ,6 ,38 ,7 ,171 ,10 ,26 ,4 ,76 ,12 ,106 ,10 ,168 ,12,34,5,367,37,33
0 ,0 ,103 ,18 ,7 ,3 ,18 ,0 ,2 ,0 ,100 ,7 ,5 ,0 ,20 ,6 ,39 ,1 ,36 ,6,11,1,77,12,4
0 ,0 ,276 ,50 ,35 ,10 ,24 ,6 ,7 ,0 ,150 ,20 ,19 ,4 ,50 ,10 ,49 ,3 ,57 ,13,14,2,209,14,23
1 ,0 ,150 ,47 ,10 ,3 ,18 ,3 ,6 ,2 ,152 ,8 ,17 ,4 ,29 ,3 ,54 ,2 ,35 ,6,6,6,114,29,25
1 ,0 ,173 ,41 ,11 ,6 ,19 ,3 ,6 ,1 ,129 ,11 ,8 ,3 ,40 ,3 ,52 ,11 ,48 ,7,3,1,95,14,32
1 ,1 ,279 ,75 ,21 ,11 ,41 ,0 ,10 ,0 ,139 ,16 ,29 ,2 ,62 ,6 ,77 ,6 ,59 ,14,21,3,160,22,30
2 ,1 ,264 ,71 ,8 ,3 ,39 ,3 ,9 ,5 ,195 ,12 ,24 ,7 ,58 ,6 ,68 ,3 ,126 ,16,32,2,257,56,16
2 ,1 ,205 ,36 ,18 ,9 ,18 ,5 ,10 ,0 ,70 ,6 ,17 ,4 ,31 ,6 ,31 ,3 ,53 ,7,9,1,100,18,12
1 ,1 ,122 ,30 ,9 ,0 ,19 ,2 ,1 ,0 ,91 ,8 ,15 ,1 ,29 ,4 ,43 ,7 ,55 ,9,6,0,133,34,9
5 ,1 ,321 ,59 ,37 ,9 ,18 ,3 ,15 ,0 ,176 ,10 ,22 ,0 ,49 ,3 ,177 ,8 ,104 ,11,16,3,266,39,17
9 ,4 ,1455 ,626 ,141 ,73 ,175 ,51 ,73 ,30 ,687 ,157 ,210 ,42 ,198 ,51 ,904 ,98 ,457 ,154,192,23,850,238,217
0 ,0 ,175 ,21 ,4 ,1 ,11 ,1 ,3 ,1 ,100 ,3 ,22 ,2 ,26 ,5 ,41 ,0 ,82 ,9,6,4,120,8,12
1 ,0 ,117 ,39 ,9 ,1 ,14 ,1 ,4 ,0 ,54 ,6 ,3 ,1 ,29 ,4 ,23 ,2 ,26 ,2,13,1,98,11,11
3 ,0 ,257 ,77 ,51 ,12 ,37 ,9 ,5 ,5 ,301 ,21 ,26 ,6 ,63 ,4 ,73 ,9 ,154 ,36,21,4,214,34,13
2 ,1 ,152 ,27 ,13 ,5 ,11 ,2 ,4 ,3 ,87 ,5 ,7 ,0 ,22 ,1 ,43 ,2 ,53 ,3,4,1,125,10,2
2 ,0 ,139 ,42 ,4 ,0 ,16 ,3 ,0 ,0 ,127 ,10 ,12 ,3 ,24 ,4 ,30 ,4 ,63 ,19,9,2,128,15,38
1 ,0 ,238 ,57 ,56 ,9 ,23 ,6 ,4 ,2 ,165 ,7 ,15 ,1 ,49 ,6 ,104 ,11 ,114 ,24,16,3,144,13,13
0 ,0 ,359 ,120 ,39 ,6 ,38 ,3 ,11 ,3 ,252 ,18 ,26 ,2 ,72 ,10 ,130 ,8 ,137 ,20,17,5,226,71,17
1 ,1 ,266 ,74 ,15 ,2 ,50 ,7 ,5 ,3 ,195 ,29 ,12 ,3 ,57 ,6 ,69 ,2 ,79 ,5,20,4,162,27,20
1 ,1 ,210 ,47 ,14 ,14 ,35 ,3 ,8 ,0 ,136 ,8 ,24 ,4 ,41 ,5 ,65 ,3 ,55 ,3,11,1,156,21,19
0 ,0 ,127 ,13 ,7 ,0 ,11 ,2 ,2 ,0 ,40 ,2 ,6 ,1 ,28 ,1 ,45 ,3 ,30 ,0,3,1,72,4,3
0 ,0 ,124 ,37 ,16 ,2 ,19 ,2 ,1 ,0 ,67 ,6 ,20 ,2 ,23 ,3 ,48 ,4 ,23 ,7,10,1,117,9,8
0 ,0 ,226 ,65 ,24 ,11 ,19 ,1 ,2 ,0 ,108 ,13 ,14 ,2 ,22 ,7 ,69 ,6 ,65 ,10,17,2,216,18,11
3 ,1 ,278 ,95 ,31 ,11 ,32 ,7 ,10 ,3 ,170 ,10 ,36 ,3 ,51 ,9 ,124 ,6 ,91 ,12,31,3,313,32,31
0 ,0 ,58 ,16 ,8 ,6 ,9 ,2 ,2 ,0 ,55 ,8 ,7 ,1 ,14 ,2 ,22 ,2 ,20 ,3,1,0,69,21,6
0 ,0 ,198 ,57 ,12 ,6 ,15 ,4 ,1 ,0 ,150 ,10 ,18 ,1 ,45 ,6 ,64 ,2 ,70 ,15,25,6,222,17,10
2 ,3 ,663 ,171 ,76 ,22 ,53 ,13 ,35 ,10 ,467 ,44 ,49 ,16 ,92 ,12 ,202 ,19 ,231 ,46,50,9,311,57,76
0 ,0 ,495 ,103 ,62 ,20 ,52 ,6 ,36 ,2 ,253 ,24 ,31 ,4 ,80 ,10 ,129 ,13 ,141 ,21,26,5,252,24,70
0 ,0 ,112 ,13 ,8 ,1 ,11 ,1 ,2 ,1 ,83 ,4 ,9 ,1 ,26 ,1 ,29 ,2 ,33 ,4,5,0,74,3,7
80 ,20 ,8018 ,2070 ,853 ,289 ,875 ,107 ,294 ,79 ,5134 ,425 ,721 ,105 ,1356 ,252 ,2940 ,209 ,2462 ,373,680,105,"5,954",933,894
0 ,0 ,203 ,39 ,48 ,12 ,26 ,5 ,7 ,1 ,126 ,7 ,19 ,0 ,38 ,3 ,61 ,3 ,64 ,13,10,3,137,8,36
0 ,0 ,77 ,25 ,7 ,0 ,18 ,2 ,2 ,0 ,43 ,8 ,4 ,1 ,13 ,4 ,22 ,0 ,17 ,2,1,1,69,13,14
0 ,0 ,115 ,26 ,7 ,2 ,11 ,3 ,0 ,2 ,57 ,3 ,10 ,1 ,24 ,2 ,23 ,3 ,27 ,3,3,2,63,3,17
1 ,1 ,206 ,50 ,22 ,7 ,18 ,3 ,8 ,0 ,126 ,10 ,7 ,1 ,41 ,3 ,61 ,5 ,77 ,13,11,0,190,34,18
0 ,0 ,94 ,32 ,5 ,1 ,31 ,4 ,6 ,0 ,181 ,11 ,11 ,1 ,33 ,0 ,59 ,2 ,41 ,5,4,0,50,12,5
1 ,0 ,101 ,15 ,4 ,0 ,1 ,0 ,1 ,1 ,60 ,3 ,5 ,2 ,11 ,3 ,22 ,0 ,35 ,3,5,0,77,7,1
1 ,0 ,129 ,28 ,8 ,1 ,13 ,0 ,3 ,0 ,120 ,14 ,11 ,0 ,21 ,7 ,42 ,2 ,44 ,10,16,15,82,17,8
1 ,0 ,152 ,29 ,11 ,0 ,11 ,0 ,3 ,2 ,78 ,4 ,5 ,1 ,32 ,2 ,38 ,5 ,33 ,9,5,0,151,22,10
0 ,0 ,97 ,11 ,5 ,3 ,12 ,1 ,5 ,0 ,72 ,3 ,10 ,0 ,15 ,4 ,35 ,1 ,22 ,9,8,2,117,8,22
3 ,0 ,81 ,21 ,2 ,0 ,18 ,3 ,1 ,0 ,80 ,10 ,4 ,0 ,19 ,3 ,8 ,0 ,26 ,1,3,0,58,3,4
0 ,0 ,42 ,10 ,9 ,1 ,4 ,1 ,0 ,0 ,24 ,5 ,1 ,0 ,14 ,0 ,31 ,0 ,16 ,3,3,1,46,4,5
1 ,0 ,189 ,50 ,29 ,10 ,30 ,1 ,5 ,0 ,109 ,4 ,24 ,5 ,26 ,7 ,91 ,6 ,50 ,7,9,2,203,43,23
1 ,0 ,57 ,6 ,3 ,0 ,10 ,0 ,1 ,0 ,37 ,1 ,3 ,2 ,11 ,0 ,17 ,0 ,13 ,0,4,1,38,5,5
9 ,1 ,378 ,72 ,51 ,17 ,45 ,0 ,18 ,4 ,119 ,7 ,9 ,4 ,66 ,3 ,88 ,4 ,120 ,15,26,3,202,18,26
2 ,0 ,60 ,15 ,6 ,2 ,3 ,1 ,3 ,2 ,42 ,1 ,4 ,1 ,13 ,6 ,23 ,2 ,12 ,0,4,2,55,7,5
2 ,0 ,225 ,46 ,20 ,7 ,27 ,4 ,7 ,1 ,171 ,12 ,35 ,1 ,42 ,8 ,71 ,7 ,71 ,4,16,0,178,23,20
6 ,1 ,130 ,29 ,6 ,1 ,8 ,0 ,5 ,0 ,99 ,13 ,17 ,1 ,22 ,8 ,49 ,6 ,32 ,5,8,2,96,26,16
1 ,1 ,165 ,33 ,9 ,3 ,23 ,3 ,4 ,4 ,123 ,6 ,25 ,2 ,26 ,10 ,32 ,1 ,41 ,2,10,3,80,10,17
0 ,0 ,230 ,75 ,16 ,5 ,14 ,5 ,2 ,1 ,149 ,14 ,29 ,4 ,39 ,5 ,72 ,10 ,50 ,10,21,1,157,16,42
0 ,1 ,245 ,66 ,11 ,1 ,26 ,2 ,5 ,1 ,183 ,11 ,23 ,5 ,52 ,7 ,42 ,2 ,119 ,16,18,0,202,42,25
2 ,2 ,178 ,42 ,19 ,9 ,19 ,2 ,3 ,0 ,88 ,5 ,13 ,3 ,22 ,4 ,27 ,2 ,37 ,5,9,2,84,17,17
3 ,0 ,89 ,19 ,3 ,0 ,4 ,0 ,1 ,0 ,91 ,7 ,10 ,0 ,12 ,3 ,33 ,0 ,34 ,6,13,0,107,23,11
2 ,0 ,260 ,78 ,23 ,7 ,11 ,0 ,9 ,0 ,138 ,9 ,24 ,1 ,40 ,16 ,161 ,8 ,57 ,15,12,2,182,33,15
12 ,8 ,1092 ,433 ,145 ,60 ,149 ,21 ,65 ,22 ,637 ,76 ,174 ,31 ,145 ,44 ,758 ,68 ,350 ,87,188,24,952,241,213
1 ,0 ,131 ,22 ,14 ,1 ,6 ,3 ,1 ,1 ,100 ,6 ,5 ,1 ,30 ,4 ,61 ,3 ,69 ,5,9,0,141,6,13
2 ,1 ,105 ,19 ,2 ,0 ,6 ,2 ,4 ,1 ,40 ,6 ,6 ,2 ,21 ,3 ,19 ,2 ,25 ,1,14,3,75,14,11
2 ,0 ,206 ,77 ,35 ,17 ,44 ,3 ,8 ,4 ,187 ,20 ,17 ,4 ,47 ,10 ,40 ,4 ,109 ,16,15,3,148,24,16
3 ,0 ,134 ,26 ,9 ,5 ,12 ,0 ,1 ,1 ,82 ,3 ,7 ,0 ,30 ,2 ,16 ,1 ,36 ,3,4,2,97,13,8
0 ,0 ,98 ,26 ,2 ,0 ,14 ,2 ,2 ,1 ,71 ,8 ,10 ,0 ,21 ,3 ,24 ,0 ,28 ,6,14,5,83,6,14
4 ,0 ,172 ,55 ,34 ,15 ,23 ,3 ,13 ,2 ,152 ,5 ,17 ,5 ,34 ,4 ,94 ,14 ,56 ,5,18,4,107,9,27
5 ,0 ,251 ,79 ,30 ,6 ,32 ,2 ,8 ,3 ,188 ,16 ,22 ,4 ,48 ,7 ,115 ,8 ,101 ,7,23,0,183,27,11
0 ,0 ,204 ,52 ,8 ,2 ,32 ,9 ,12 ,6 ,138 ,8 ,15 ,1 ,44 ,5 ,65 ,5 ,45 ,10,14,0,82,26,16
2 ,0 ,160 ,44 ,28 ,6 ,15 ,2 ,4 ,2 ,98 ,10 ,11 ,3 ,31 ,8 ,55 ,6 ,50 ,3,14,1,129,14,18
0 ,0 ,88 ,11 ,5 ,1 ,2 ,0 ,1 ,0 ,54 ,5 ,1 ,1 ,12 ,0 ,37 ,1 ,29 ,3,8,0,111,6,7
0 ,0 ,124 ,22 ,15 ,3 ,4 ,2 ,1 ,0 ,38 ,5 ,6 ,1 ,14 ,2 ,36 ,1 ,27 ,3,2,1,94,8,16
0 ,0 ,250 ,42 ,19 ,10 ,11 ,1 ,10 ,1 ,107 ,4 ,13 ,3 ,30 ,5 ,51 ,2 ,38 ,6,12,1,147,17,11
1 ,1 ,257 ,70 ,55 ,20 ,29 ,4 ,6 ,1 ,144 ,14 ,22 ,4 ,37 ,10 ,92 ,6 ,68 ,12,16,1,229,24,21
1 ,1 ,57 ,14 ,6 ,5 ,5 ,0 ,0 ,1 ,39 ,4 ,2 ,0 ,8 ,0 ,4 ,0 ,17 ,4,0,2,67,10,7
0 ,1 ,162 ,36 ,19 ,4 ,12 ,4 ,4 ,3 ,104 ,5 ,15 ,0 ,22 ,3 ,39 ,0 ,53 ,3,7,1,137,17,10
8 ,0 ,519 ,131 ,47 ,24 ,36 ,7 ,39 ,8 ,340 ,35 ,45 ,4 ,63 ,17 ,203 ,10 ,189 ,23,57,12,227,31,69
2 ,0 ,417 ,81 ,53 ,19 ,52 ,2 ,16 ,3 ,234 ,26 ,21 ,5 ,71 ,14 ,96 ,8 ,113 ,18,44,3,261,42,39
1 ,1 ,88 ,13 ,3 ,2 ,8 ,0 ,0 ,0 ,65 ,1 ,9 ,0 ,16 ,3 ,27 ,1 ,21 ,2,2,0,60,4,5
94 ,17 ,9119 ,2437 ,883 ,269 ,1030 ,129 ,338 ,71 ,5865 ,439 ,801 ,120 ,1556 ,261 ,3423 ,243 ,2752 ,448,710,94,"6,917","1,196",869
2 ,0 ,229 ,60 ,33 ,11 ,21 ,3 ,1 ,2 ,114 ,11 ,15 ,1 ,45 ,13 ,72 ,6 ,94 ,12,8,0,183,26,34
0 ,0 ,51 ,27 ,5 ,1 ,8 ,0 ,9 ,1 ,39 ,4 ,7 ,1 ,15 ,0 ,30 ,0 ,25 ,2,5,0,99,30,18
3 ,0 ,109 ,32 ,8 ,1 ,8 ,1 ,6 ,0 ,66 ,2 ,7 ,1 ,19 ,1 ,28 ,2 ,15 ,5,3,0,92,9,13
0 ,0 ,230 ,52 ,18 ,8 ,11 ,1 ,2 ,2 ,152 ,10 ,16 ,2 ,36 ,6 ,93 ,9 ,95 ,3,15,1,197,36,22
0 ,0 ,103 ,21 ,8 ,3 ,41 ,2 ,13 ,4 ,219 ,6 ,15 ,1 ,28 ,5 ,52 ,3 ,35 ,6,5,2,65,10,11
0 ,0 ,101 ,13 ,7 ,0 ,10 ,3 ,1 ,0 ,74 ,1 ,13 ,1 ,13 ,1 ,28 ,3 ,36 ,1,6,0,78,9,4
1 ,0 ,169 ,28 ,6 ,1 ,14 ,5 ,2 ,2 ,130 ,3 ,11 ,3 ,32 ,6 ,21 ,3 ,45 ,4,12,1,135,29,11
1 ,0 ,202 ,26 ,6 ,0 ,19 ,0 ,4 ,1 ,100 ,5 ,12 ,5 ,35 ,4 ,59 ,4 ,56 ,5,4,0,163,13,6
0 ,0 ,126 ,16 ,12 ,3 ,12 ,2 ,0 ,0 ,64 ,2 ,15 ,0 ,24 ,2 ,45 ,1 ,34 ,3,13,1,133,11,19
0 ,0 ,116 ,26 ,4 ,0 ,14 ,1 ,1 ,1 ,75 ,4 ,12 ,1 ,17 ,4 ,11 ,0 ,28 ,3,5,3,71,6,9
0 ,0 ,74 ,6 ,5 ,3 ,2 ,0 ,1 ,0 ,38 ,0 ,1 ,0 ,13 ,2 ,62 ,1 ,16 ,4,3,0,62,6,3
2 ,0 ,239 ,68 ,20 ,10 ,27 ,1 ,9 ,1 ,125 ,9 ,30 ,2 ,36 ,4 ,77 ,7 ,53 ,9,10,5,193,56,17
0 ,0 ,79 ,22 ,8 ,0 ,12 ,1 ,0 ,1 ,45 ,2 ,11 ,0 ,17 ,3 ,28 ,3 ,15 ,2,4,0,63,6,11
7 ,1 ,404 ,78 ,61 ,21 ,45 ,9 ,18 ,2 ,143 ,9 ,30 ,3 ,67 ,6 ,97 ,12 ,102 ,18,29,3,267,67,25
1 ,0 ,99 ,21 ,5 ,1 ,7 ,1 ,1 ,1 ,59 ,5 ,2 ,0 ,15 ,4 ,19 ,1 ,26 ,4,4,1,79,18,13
3 ,0 ,276 ,59 ,27 ,2 ,24 ,4 ,2 ,0 ,206 ,11 ,18 ,1 ,44 ,3 ,83 ,5 ,53 ,7,9,0,185,23,21
0 ,0 ,148 ,33 ,7 ,0 ,7 ,1 ,5 ,1 ,127 ,14 ,16 ,3 ,17 ,6 ,88 ,11 ,31 ,5,12,0,131,38,10
1 ,0 ,159 ,27 ,3 ,2 ,33 ,2 ,5 ,0 ,143 ,14 ,13 ,0 ,40 ,6 ,33 ,0 ,52 ,5,9,0,62,3,6
5 ,0 ,289 ,67 ,28 ,6 ,16 ,4 ,7 ,0 ,152 ,6 ,27 ,5 ,59 ,7 ,82 ,5 ,59 ,11,22,8,162,22,28
1 ,0 ,254 ,56 ,10 ,1 ,34 ,3 ,14 ,5 ,195 ,9 ,17 ,2 ,49 ,4 ,64 ,4 ,99 ,13,19,4,187,37,7
5 ,1 ,167 ,39 ,25 ,7 ,19 ,1 ,7 ,1 ,97 ,5 ,24 ,0 ,24 ,7 ,43 ,6 ,52 ,9,8,2,124,24,14
2 ,0 ,106 ,31 ,7 ,0 ,10 ,1 ,1 ,0 ,92 ,5 ,2 ,0 ,19 ,2 ,22 ,2 ,37 ,6,20,1,115,21,12
6 ,1 ,271 ,70 ,19 ,7 ,26 ,1 ,11 ,1 ,159 ,10 ,27 ,3 ,52 ,10 ,163 ,7 ,88 ,9,12,4,240,39,20
19 ,3 ,1262 ,565 ,120 ,52 ,175 ,26 ,82 ,14 ,732 ,111 ,188 ,34 ,193 ,36 ,812 ,68 ,356 ,125,168,19,971,299,225
1 ,1 ,153 ,33 ,7 ,2 ,15 ,2 ,2 ,0 ,101 ,5 ,3 ,0 ,27 ,8 ,50 ,2 ,65 ,6,6,2,119,10,6
0 ,0 ,125 ,38 ,5 ,0 ,11 ,1 ,4 ,0 ,42 ,6 ,7 ,2 ,17 ,1 ,29 ,6 ,24 ,3,9,1,84,9,24
0 ,0 ,286 ,80 ,42 ,14 ,55 ,8 ,4 ,0 ,216 ,20 ,23 ,8 ,62 ,13 ,64 ,7 ,139 ,14,20,5,175,28,12
0 ,0 ,122 ,35 ,15 ,2 ,11 ,4 ,5 ,1 ,80 ,4 ,15 ,2 ,21 ,3 ,27 ,1 ,53 ,3,8,1,140,14,7
0 ,0 ,132 ,38 ,5 ,0 ,19 ,0 ,4 ,0 ,84 ,8 ,9 ,2 ,25 ,3 ,30 ,3 ,40 ,9,13,1,104,24,6
4 ,0 ,219 ,47 ,45 ,10 ,14 ,2 ,9 ,1 ,167 ,13 ,11 ,1 ,40 ,10 ,104 ,10 ,65 ,11,17,3,159,17,27
2 ,0 ,310 ,90 ,23 ,10 ,38 ,6 ,5 ,2 ,207 ,12 ,19 ,5 ,64 ,5 ,178 ,6 ,115 ,18,14,1,188,30,20
1 ,1 ,163 ,64 ,11 ,1 ,30 ,1 ,5 ,3 ,165 ,13 ,10 ,2 ,37 ,11 ,70 ,2 ,60 ,13,19,1,107,12,15
1 ,0 ,148 ,47 ,17 ,6 ,21 ,2 ,3 ,1 ,111 ,12 ,11 ,1 ,27 ,5 ,76 ,2 ,44 ,9,22,3,126,12,23
1 ,0 ,99 ,13 ,4 ,1 ,2 ,2 ,4 ,0 ,48 ,3 ,2 ,0 ,14 ,2 ,44 ,4 ,34 ,0,6,0,77,3,8
0 ,0 ,138 ,30 ,17 ,5 ,20 ,1 ,3 ,0 ,34 ,4 ,12 ,1 ,18 ,2 ,29 ,2 ,20 ,5,11,1,122,12,15
0 ,0 ,231 ,46 ,26 ,10 ,14 ,4 ,8 ,4 ,88 ,10 ,17 ,0 ,33 ,6 ,65 ,7 ,41 ,5,12,0,183,16,9
4 ,0 ,268 ,82 ,40 ,11 ,30 ,4 ,8 ,7 ,203 ,11 ,24 ,1 ,48 ,6 ,95 ,5 ,82 ,20,24,2,264,26,14
2 ,0 ,63 ,19 ,8 ,6 ,13 ,1 ,2 ,0 ,50 ,1 ,7 ,2 ,7 ,1 ,21 ,1 ,16 ,4,5,0,87,11,6
1 ,0 ,184 ,37 ,15 ,6 ,10 ,2 ,5 ,0 ,102 ,6 ,14 ,1 ,23 ,6 ,40 ,4 ,46 ,5,6,2,188,25,9
9 ,7 ,606 ,147 ,68 ,24 ,73 ,5 ,36 ,6 ,447 ,34 ,58 ,13 ,77 ,12 ,247 ,9 ,249 ,31,66,13,293,28,68
8 ,2 ,504 ,132 ,75 ,18 ,51 ,10 ,29 ,6 ,308 ,14 ,28 ,9 ,94 ,21 ,120 ,7 ,139 ,19,39,3,361,74,36
1 ,0 ,105 ,16 ,8 ,3 ,8 ,1 ,0 ,0 ,66 ,5 ,2 ,1 ,13 ,4 ,22 ,2 ,18 ,2,8,0,83,7,5
91 ,32 ,10147 ,2630 ,959 ,329 ,1098 ,181 ,366 ,94 ,6342 ,555 ,902 ,125 ,1847 ,293 ,3752 ,249 ,3272 ,516,813,95,"7,932","1,191",976
1 ,1 ,306 ,60 ,43 ,11 ,20 ,6 ,10 ,4 ,149 ,14 ,20 ,0 ,46 ,7 ,100 ,8 ,91 ,12,12,0,228,28,24
0 ,1 ,112 ,31 ,5 ,1 ,12 ,1 ,2 ,1 ,67 ,5 ,10 ,2 ,11 ,2 ,31 ,1 ,23 ,4,5,1,85,28,15
2 ,0 ,131 ,41 ,5 ,0 ,14 ,3 ,3 ,0 ,77 ,7 ,13 ,2 ,13 ,3 ,18 ,0 ,27 ,8,2,5,99,17,13
2 ,0 ,237 ,50 ,26 ,5 ,27 ,0 ,7 ,0 ,126 ,11 ,22 ,3 ,27 ,5 ,91 ,4 ,131 ,5,15,0,262,31,10
1 ,0 ,88 ,27 ,6 ,1 ,27 ,7 ,3 ,3 ,256 ,8 ,12 ,0 ,30 ,4 ,55 ,6 ,66 ,11,9,0,85,6,5
3 ,0 ,145 ,13 ,2 ,0 ,13 ,2 ,0 ,0 ,91 ,6 ,7 ,0 ,18 ,2 ,35 ,0 ,41 ,2,4,0,109,9,6
0 ,0 ,215 ,67 ,7 ,3 ,14 ,5 ,1 ,1 ,170 ,21 ,23 ,1 ,41 ,11 ,55 ,3 ,81 ,15,19,2,183,15,16
1 ,0 ,205 ,27 ,11 ,0 ,20 ,0 ,9 ,1 ,78 ,6 ,7 ,2 ,53 ,3 ,44 ,1 ,80 ,6,11,0,215,21,11
2 ,0 ,140 ,25 ,16 ,3 ,17 ,3 ,2 ,0 ,71 ,3 ,12 ,0 ,22 ,3 ,44 ,2 ,33 ,10,9,0,139,10,17
2 ,0 ,113 ,22 ,4 ,0 ,21 ,4 ,3 ,1 ,103 ,10 ,9 ,2 ,32 ,7 ,10 ,1 ,23 ,5,7,2,90,3,6
0 ,0 ,83 ,13 ,8 ,3 ,6 ,0 ,0 ,0 ,64 ,1 ,1 ,0 ,34 ,2 ,76 ,3 ,27 ,4,1,0,86,11,3
3 ,0 ,274 ,73 ,30 ,11 ,34 ,0 ,5 ,4 ,156 ,11 ,20 ,4 ,38 ,6 ,82 ,7 ,55 ,12,15,2,259,55,35
1 ,0 ,96 ,14 ,3 ,0 ,5 ,2 ,2 ,0 ,57 ,6 ,6 ,1 ,12 ,0 ,22 ,1 ,19 ,4,1,0,63,5,5
6 ,2 ,476 ,70 ,56 ,24 ,43 ,9 ,24 ,1 ,127 ,7 ,32 ,3 ,85 ,7 ,84 ,6 ,165 ,19,30,2,294,53,23
0 ,0 ,67 ,22 ,12 ,4 ,7 ,6 ,5 ,0 ,65 ,5 ,4 ,0 ,25 ,4 ,44 ,3 ,33 ,5,5,0,105,12,7
3 ,1 ,359 ,70 ,29 ,6 ,33 ,3 ,13 ,1 ,230 ,12 ,26 ,7 ,53 ,10 ,85 ,5 ,72 ,7,16,5,255,27,21
0 ,0 ,167 ,41 ,8 ,1 ,22 ,4 ,10 ,3 ,129 ,11 ,19 ,3 ,26 ,5 ,91 ,2 ,48 ,8,11,0,123,22,17
2 ,0 ,156 ,34 ,7 ,0 ,24 ,4 ,5 ,1 ,119 ,11 ,15 ,0 ,43 ,3 ,39 ,1 ,46 ,7,11,1,111,10,10
5 ,3 ,295 ,75 ,21 ,5 ,26 ,7 ,6 ,2 ,157 ,16 ,30 ,6 ,50 ,12 ,80 ,5 ,68 ,12,21,2,211,24,22
4 ,2 ,318 ,71 ,13 ,1 ,48 ,8 ,17 ,5 ,242 ,23 ,25 ,4 ,61 ,5 ,62 ,6 ,125 ,18,24,1,272,39,11
1 ,0 ,175 ,45 ,26 ,12 ,15 ,1 ,12 ,0 ,112 ,11 ,14 ,1 ,43 ,6 ,21 ,1 ,57 ,4,16,2,125,28,15
1 ,0 ,143 ,23 ,5 ,1 ,21 ,4 ,2 ,2 ,130 ,5 ,12 ,0 ,21 ,2 ,48 ,2 ,54 ,9,18,5,168,37,19
5 ,0 ,303 ,65 ,18 ,11 ,22 ,2 ,4 ,2 ,196 ,8 ,31 ,3 ,66 ,5 ,207 ,12 ,80 ,8,16,3,269,31,17
14 ,11 ,1373 ,596 ,127 ,70 ,170 ,34 ,75 ,18 ,756 ,158 ,187 ,44 ,214 ,59 ,936 ,86 ,426 ,152,208,25,991,304,209
1 ,0 ,184 ,33 ,13 ,3 ,10 ,1 ,4 ,0 ,99 ,5 ,11 ,0 ,47 ,4 ,65 ,4 ,85 ,7,15,3,136,15,2
0 ,0 ,139 ,31 ,5 ,0 ,17 ,2 ,3 ,0 ,63 ,2 ,9 ,1 ,18 ,2 ,33 ,1 ,40 ,4,8,0,105,10,29
2 ,2 ,289 ,78 ,35 ,10 ,40 ,10 ,2 ,0 ,241 ,22 ,16 ,1 ,70 ,27 ,76 ,2 ,137 ,29,18,2,205,18,16
1 ,1 ,192 ,36 ,20 ,3 ,21 ,3 ,2 ,2 ,116 ,5 ,8 ,0 ,46 ,5 ,43 ,0 ,68 ,5,8,1,141,19,4
0 ,0 ,90 ,16 ,3 ,1 ,8 ,2 ,9 ,0 ,83 ,6 ,4 ,0 ,21 ,2 ,27 ,6 ,27 ,3,2,0,89,3,10
3 ,1 ,224 ,64 ,38 ,7 ,24 ,2 ,9 ,1 ,180 ,12 ,16 ,2 ,46 ,10 ,122 ,11 ,76 ,11,27,2,142,17,25
0 ,0 ,393 ,119 ,32 ,20 ,21 ,6 ,5 ,2 ,218 ,9 ,50 ,3 ,60 ,14 ,170 ,8 ,116 ,20,31,2,252,29,15
1 ,1 ,202 ,56 ,11 ,1 ,43 ,5 ,9 ,6 ,144 ,4 ,21 ,3 ,61 ,3 ,71 ,6 ,95 ,10,20,3,149,22,20
0 ,0 ,201 ,56 ,21 ,10 ,24 ,6 ,3 ,3 ,117 ,10 ,10 ,2 ,40 ,7 ,60 ,4 ,65 ,4,19,1,158,27,30
1 ,0 ,119 ,17 ,5 ,0 ,7 ,0 ,3 ,0 ,71 ,2 ,6 ,1 ,23 ,2 ,47 ,2 ,37 ,5,11,3,107,10,9
0 ,1 ,136 ,34 ,15 ,6 ,11 ,0 ,0 ,0 ,68 ,6 ,9 ,0 ,16 ,1 ,56 ,4 ,19 ,1,15,0,137,10,8
0 ,1 ,232 ,80 ,27 ,11 ,17 ,0 ,6 ,2 ,95 ,3 ,15 ,0 ,28 ,3 ,56 ,2 ,51 ,5,15,0,171,24,16
2 ,1 ,295 ,84 ,53 ,23 ,34 ,4 ,10 ,2 ,179 ,15 ,38 ,6 ,57 ,13 ,114 ,5 ,117 ,12,22,2,331,31,31
0 ,0 ,69 ,16 ,7 ,5 ,7 ,2 ,0 ,3 ,69 ,6 ,8 ,1 ,8 ,2 ,14 ,0 ,15 ,4,2,1,72,19,13
2 ,0 ,195 ,47 ,15 ,9 ,14 ,5 ,6 ,3 ,135 ,14 ,17 ,4 ,48 ,6 ,65 ,2 ,68 ,2,16,1,209,25,32
12 ,1 ,672 ,177 ,75 ,18 ,75 ,11 ,62 ,17 ,432 ,46 ,59 ,12 ,107 ,11 ,251 ,19 ,269 ,37,58,11,310,51,128
7 ,2 ,431 ,93 ,91 ,28 ,61 ,7 ,12 ,3 ,244 ,10 ,32 ,1 ,65 ,5 ,101 ,7 ,100 ,6,29,5,283,32,49
0 ,0 ,107 ,18 ,5 ,1 ,3 ,0 ,1 ,0 ,60 ,2 ,16 ,0 ,22 ,3 ,21 ,0 ,16 ,4,11,0,108,3,2
125 ,25 ,10140 ,2622 ,1026 ,349 ,1183 ,178 ,378 ,92 ,6102 ,515 ,860 ,124 ,1862 ,238 ,3573 ,254 ,3076 ,520,740,108,"6,743","1,257",825
4 ,2 ,275 ,73 ,70 ,22 ,34 ,7 ,4 ,1 ,153 ,10 ,26 ,2 ,55 ,4 ,72 ,6 ,84 ,11,11,2,166,31,19
0 ,0 ,94 ,22 ,5 ,1 ,14 ,3 ,13 ,2 ,59 ,1 ,9 ,1 ,19 ,0 ,33 ,3 ,19 ,6,5,0,82,29,21
3 ,0 ,108 ,20 ,10 ,0 ,11 ,1 ,2 ,2 ,60 ,7 ,8 ,0 ,23 ,1 ,22 ,3 ,23 ,11,6,0,81,4,19
2 ,0 ,250 ,66 ,25 ,5 ,22 ,2 ,6 ,0 ,111 ,7 ,17 ,3 ,39 ,3 ,83 ,3 ,109 ,9,10,0,199,35,14
0 ,0 ,138 ,43 ,7 ,1 ,33 ,2 ,2 ,1 ,200 ,16 ,8 ,0 ,38 ,4 ,49 ,5 ,62 ,10,12,3,76,11,6
2 ,0 ,95 ,13 ,2 ,2 ,6 ,1 ,2 ,0 ,71 ,3 ,3 ,0 ,18 ,0 ,29 ,3 ,37 ,2,7,1,74,8,2
1 ,0 ,160 ,34 ,8 ,2 ,21 ,0 ,1 ,0 ,124 ,11 ,11 ,1 ,43 ,4 ,44 ,4 ,50 ,11,4,2,106,17,10
4 ,0 ,208 ,35 ,10 ,4 ,15 ,0 ,7 ,1 ,102 ,3 ,16 ,3 ,42 ,2 ,66 ,1 ,72 ,5,8,0,165,23,19
0 ,0 ,137 ,28 ,8 ,3 ,12 ,1 ,3 ,0 ,46 ,7 ,6 ,2 ,28 ,3 ,32 ,0 ,42 ,5,5,0,79,12,24
0 ,0 ,115 ,25 ,5 ,0 ,16 ,4 ,1 ,0 ,100 ,9 ,10 ,0 ,25 ,6 ,16 ,2 ,43 ,5,1,1,89,9,11
1 ,1 ,70 ,12 ,3 ,5 ,6 ,1 ,0 ,0 ,40 ,1 ,2 ,1 ,13 ,3 ,23 ,3 ,14 ,7,5,1,61,8,15
1 ,2 ,223 ,61 ,38 ,17 ,31 ,8 ,10 ,1 ,125 ,8 ,18 ,2 ,43 ,9 ,58 ,4 ,46 ,11,14,2,190,30,19
4 ,1 ,89 ,17 ,2 ,0 ,22 ,5 ,2 ,0 ,58 ,3 ,7 ,0 ,9 ,1 ,25 ,0 ,10 ,3,3,0,60,5,4
5 ,1 ,505 ,119 ,80 ,33 ,54 ,14 ,27 ,8 ,172 ,13 ,22 ,4 ,86 ,10 ,96 ,13 ,164 ,17,35,5,278,54,30
3 ,0 ,94 ,22 ,8 ,2 ,15 ,0 ,3 ,0 ,84 ,3 ,3 ,1 ,21 ,3 ,45 ,3 ,38 ,1,9,0,60,9,8
1 ,1 ,310 ,63 ,23 ,6 ,27 ,3 ,10 ,1 ,210 ,10 ,21 ,2 ,51 ,6 ,70 ,4 ,67 ,7,8,7,174,28,22
2 ,1 ,186 ,52 ,11 ,1 ,22 ,4 ,4 ,3 ,166 ,11 ,32 ,5 ,28 ,6 ,64 ,7 ,55 ,12,15,0,130,31,16
0 ,0 ,148 ,36 ,15 ,5 ,24 ,7 ,9 ,3 ,119 ,6 ,10 ,2 ,40 ,5 ,61 ,3 ,49 ,12,8,2,90,14,11
4 ,0 ,328 ,73 ,29 ,10 ,35 ,5 ,4 ,1 ,127 ,17 ,30 ,8 ,56 ,12 ,72 ,5 ,56 ,7,26,5,149,12,23
3 ,0 ,269 ,61 ,26 ,5 ,50 ,5 ,13 ,0 ,216 ,14 ,23 ,2 ,67 ,11 ,96 ,5 ,128 ,11,17,4,276,56,11
0 ,0 ,180 ,19 ,28 ,10 ,27 ,0 ,6 ,0 ,64 ,9 ,14 ,4 ,41 ,0 ,31 ,2 ,44 ,4,9,2,96,24,5
2 ,0 ,131 ,29 ,6 ,0 ,14 ,0 ,3 ,1 ,109 ,10 ,8 ,1 ,32 ,4 ,32 ,2 ,45 ,5,16,0,104,34,10
2 ,0 ,306 ,69 ,39 ,11 ,20 ,2 ,6 ,0 ,155 ,12 ,14 ,3 ,58 ,5 ,147 ,6 ,61 ,10,15,1,236,48,15
15 ,8 ,1612 ,567 ,139 ,54 ,180 ,31 ,82 ,15 ,711 ,110 ,203 ,39 ,241 ,54 ,922 ,81 ,447 ,116,178,30,925,291,193
1 ,0 ,163 ,37 ,14 ,0 ,10 ,1 ,7 ,0 ,99 ,9 ,9 ,0 ,32 ,1 ,60 ,2 ,92 ,5,11,1,113,10,6
4 ,0 ,86 ,39 ,3 ,1 ,9 ,0 ,7 ,2 ,54 ,4 ,15 ,3 ,8 ,1 ,22 ,0 ,26 ,2,11,1,78,10,8
2 ,0 ,246 ,83 ,50 ,12 ,55 ,16 ,12 ,4 ,267 ,26 ,23 ,5 ,61 ,8 ,69 ,5 ,107 ,31,20,1,216,42,36
6 ,1 ,151 ,21 ,9 ,2 ,17 ,1 ,4 ,0 ,93 ,6 ,10 ,2 ,29 ,4 ,59 ,2 ,71 ,4,6,2,116,11,4
3 ,1 ,113 ,23 ,8 ,0 ,19 ,1 ,1 ,2 ,99 ,6 ,6 ,2 ,27 ,2 ,26 ,1 ,55 ,4,7,2,85,13,8
1 ,0 ,237 ,70 ,33 ,17 ,17 ,2 ,15 ,3 ,196 ,14 ,21 ,4 ,50 ,7 ,100 ,10 ,87 ,18,20,1,149,18,9
4 ,1 ,325 ,104 ,36 ,10 ,42 ,10 ,10 ,6 ,255 ,18 ,12 ,3 ,65 ,5 ,174 ,9 ,128 ,13,29,4,203,39,15
3 ,1 ,226 ,65 ,7 ,2 ,42 ,1 ,13 ,6 ,200 ,6 ,22 ,0 ,63 ,8 ,61 ,2 ,83 ,12,8,0,152,13,19
3 ,0 ,185 ,43 ,16 ,8 ,25 ,3 ,7 ,2 ,122 ,9 ,15 ,2 ,31 ,4 ,72 ,3 ,51 ,8,13,0,119,21,15
1 ,0 ,99 ,23 ,8 ,0 ,12 ,0 ,0 ,0 ,40 ,4 ,11 ,1 ,23 ,1 ,47 ,5 ,28 ,6,2,1,75,8,1
0 ,0 ,118 ,34 ,20 ,5 ,19 ,0 ,2 ,0 ,51 ,3 ,17 ,0 ,18 ,1 ,43 ,2 ,28 ,1,10,0,109,12,11
0 ,0 ,239 ,56 ,26 ,9 ,13 ,5 ,7 ,0 ,73 ,4 ,13 ,0 ,33 ,2 ,67 ,1 ,46 ,11,11,3,181,25,7
2 ,0 ,353 ,116 ,31 ,8 ,42 ,9 ,10 ,12 ,246 ,22 ,45 ,3 ,57 ,6 ,121 ,11 ,77 ,25,25,8,306,38,33
0 ,0 ,90 ,14 ,10 ,5 ,18 ,0 ,3 ,0 ,51 ,6 ,13 ,0 ,10 ,1 ,18 ,1 ,26 ,8,5,0,58,28,9
3 ,0 ,207 ,50 ,25 ,14 ,12 ,0 ,3 ,1 ,126 ,13 ,16 ,0 ,33 ,3 ,65 ,2 ,66 ,10,10,0,195,38,8
17 ,3 ,688 ,145 ,69 ,27 ,63 ,12 ,39 ,11 ,459 ,42 ,59 ,9 ,95 ,13 ,213 ,18 ,219 ,41,71,12,298,50,74
16 ,1 ,490 ,127 ,56 ,27 ,49 ,10 ,12 ,2 ,227 ,17 ,26 ,4 ,94 ,15 ,139 ,12 ,97 ,21,42,4,284,53,33
0 ,0 ,93 ,13 ,8 ,3 ,8 ,1 ,6 ,1 ,62 ,5 ,6 ,0 ,17 ,0 ,29 ,0 ,24 ,2,12,0,60,5,2
95 ,19 ,9003 ,2379 ,880 ,287 ,1000 ,158 ,372 ,87 ,5801 ,480 ,802 ,121 ,1589 ,267 ,3327 ,260 ,2713 ,433,691,83,"7,184","1,226",963
4 ,0 ,253 ,59 ,41 ,10 ,24 ,3 ,14 ,3 ,112 ,13 ,10 ,1 ,57 ,8 ,64 ,7 ,87 ,16,6,3,206,25,22
0 ,0 ,67 ,22 ,12 ,1 ,7 ,0 ,7 ,1 ,77 ,11 ,8 ,0 ,17 ,3 ,49 ,2 ,17 ,1,10,1,129,21,13
3 ,0 ,136 ,34 ,10 ,2 ,12 ,1 ,3 ,1 ,89 ,9 ,13 ,2 ,22 ,4 ,35 ,2 ,22 ,6,5,0,116,9,12
2 ,0 ,258 ,33 ,28 ,3 ,26 ,0 ,4 ,1 ,146 ,6 ,20 ,1 ,40 ,6 ,91 ,5 ,98 ,11,15,0,233,27,27
0 ,0 ,101 ,38 ,6 ,0 ,26 ,3 ,10 ,0 ,240 ,8 ,10 ,0 ,32 ,4 ,54 ,3 ,38 ,7,3,0,74,11,5
0 ,0 ,89 ,15 ,6 ,0 ,7 ,1 ,1 ,0 ,79 ,2 ,9 ,1 ,19 ,3 ,21 ,0 ,48 ,2,4,1,67,8,5
3 ,0 ,150 ,42 ,11 ,3 ,15 ,0 ,6 ,5 ,132 ,10 ,18 ,2 ,28 ,6 ,35 ,5 ,58 ,6,9,0,93,15,22
1 ,0 ,194 ,31 ,10 ,3 ,24 ,2 ,1 ,0 ,75 ,3 ,15 ,0 ,32 ,2 ,81 ,3 ,53 ,3,11,1,168,17,4
3 ,0 ,108 ,24 ,11 ,4 ,12 ,0 ,3 ,1 ,56 ,5 ,7 ,0 ,23 ,2 ,35 ,0 ,26 ,5,6,1,108,14,20
0 ,0 ,113 ,19 ,2 ,2 ,18 ,2 ,4 ,0 ,105 ,5 ,7 ,2 ,32 ,5 ,9 ,1 ,27 ,2,2,1,89,1,9
0 ,0 ,68 ,10 ,6 ,2 ,4 ,0 ,0 ,0 ,24 ,2 ,5 ,0 ,18 ,2 ,25 ,4 ,22 ,1,0,1,69,11,3
4 ,0 ,227 ,63 ,35 ,7 ,30 ,4 ,14 ,0 ,136 ,9 ,20 ,2 ,24 ,7 ,73 ,7 ,36 ,13,8,1,213,77,16
2 ,0 ,74 ,21 ,2 ,1 ,4 ,1 ,0 ,0 ,43 ,8 ,7 ,0 ,11 ,1 ,24 ,4 ,6 ,2,3,0,70,10,5
3 ,1 ,452 ,84 ,92 ,28 ,44 ,2 ,29 ,3 ,140 ,9 ,26 ,4 ,69 ,4 ,96 ,7 ,114 ,10,36,2,331,53,22
0 ,0 ,71 ,18 ,8 ,3 ,7 ,0 ,1 ,1 ,54 ,4 ,11 ,1 ,18 ,6 ,29 ,4 ,27 ,6,7,1,74,8,2
2 ,0 ,274 ,60 ,26 ,4 ,19 ,1 ,1 ,0 ,192 ,10 ,17 ,2 ,34 ,7 ,63 ,1 ,76 ,10,15,1,186,24,21
0 ,0 ,151 ,30 ,3 ,1 ,25 ,4 ,4 ,0 ,129 ,10 ,31 ,4 ,23 ,6 ,59 ,1 ,34 ,10,11,0,130,37,17
2 ,0 ,167 ,21 ,7 ,3 ,30 ,5 ,4 ,2 ,130 ,8 ,13 ,1 ,36 ,3 ,47 ,3 ,33 ,4,11,1,97,14,14
7 ,4 ,272 ,76 ,22 ,11 ,31 ,9 ,10 ,1 ,130 ,15 ,25 ,3 ,33 ,7 ,97 ,10 ,51 ,7,39,9,206,26,21
4 ,1 ,255 ,62 ,9 ,0 ,50 ,3 ,27 ,5 ,203 ,26 ,19 ,1 ,47 ,8 ,64 ,5 ,116 ,8,15,0,233,28,17
3 ,1 ,178 ,44 ,17 ,7 ,26 ,3 ,4 ,3 ,124 ,8 ,19 ,2 ,22 ,6 ,38 ,7 ,26 ,6,10,2,132,35,24
0 ,0 ,129 ,14 ,5 ,1 ,15 ,0 ,1 ,0 ,77 ,7 ,12 ,4 ,25 ,8 ,34 ,0 ,33 ,4,5,0,139,33,38
1 ,1 ,269 ,60 ,26 ,4 ,19 ,2 ,8 ,0 ,153 ,3 ,17 ,10 ,58 ,3 ,177 ,10 ,55 ,17,10,1,244,45,25
18 ,4 ,1279 ,511 ,108 ,55 ,140 ,39 ,84 ,33 ,640 ,97 ,173 ,27 ,176 ,50 ,826 ,84 ,390 ,105,202,20,979,291,236
2 ,0 ,154 ,34 ,10 ,1 ,7 ,1 ,7 ,0 ,91 ,10 ,12 ,1 ,42 ,6 ,43 ,0 ,66 ,10,4,2,146,15,7
2 ,0 ,108 ,40 ,4 ,0 ,9 ,7 ,3 ,1 ,53 ,9 ,9 ,3 ,21 ,4 ,24 ,7 ,25 ,8,10,0,74,10,43
0 ,0 ,236 ,96 ,32 ,9 ,33 ,12 ,4 ,0 ,293 ,25 ,24 ,5 ,60 ,15 ,61 ,9 ,121 ,23,10,2,187,30,6
1 ,1 ,167 ,32 ,15 ,5 ,14 ,3 ,4 ,2 ,75 ,2 ,6 ,2 ,27 ,6 ,35 ,1 ,43 ,2,8,2,113,14,1
1 ,0 ,112 ,23 ,4 ,0 ,11 ,2 ,1 ,0 ,91 ,10 ,12 ,0 ,23 ,3 ,37 ,1 ,55 ,4,8,2,98,9,5
0 ,1 ,232 ,47 ,30 ,17 ,26 ,3 ,11 ,0 ,195 ,19 ,20 ,4 ,41 ,4 ,115 ,15 ,74 ,16,16,0,124,16,44
4 ,0 ,277 ,80 ,16 ,11 ,32 ,4 ,4 ,1 ,184 ,12 ,30 ,7 ,63 ,7 ,117 ,7 ,111 ,11,22,5,205,48,10
2 ,1 ,183 ,58 ,14 ,2 ,33 ,7 ,9 ,6 ,114 ,5 ,13 ,0 ,34 ,9 ,56 ,1 ,63 ,8,11,2,100,16,21
2 ,0 ,146 ,45 ,13 ,9 ,11 ,3 ,5 ,1 ,129 ,3 ,13 ,2 ,35 ,5 ,53 ,3 ,53 ,5,26,1,140,12,18
1 ,0 ,97 ,28 ,6 ,0 ,6 ,2 ,2 ,0 ,44 ,1 ,5 ,1 ,10 ,1 ,42 ,1 ,31 ,2,3,2,83,15,10
0 ,0 ,117 ,37 ,17 ,2 ,10 ,0 ,0 ,0 ,51 ,11 ,10 ,2 ,14 ,1 ,33 ,3 ,25 ,5,10,3,124,17,12
0 ,0 ,212 ,43 ,29 ,11 ,16 ,1 ,1 ,0 ,104 ,9 ,18 ,0 ,20 ,4 ,69 ,3 ,34 ,7,11,3,181,27,13
6 ,0 ,284 ,72 ,35 ,9 ,29 ,8 ,7 ,3 ,175 ,15 ,22 ,6 ,55 ,5 ,116 ,6 ,70 ,8,13,0,302,27,30
2 ,0 ,68 ,17 ,9 ,6 ,7 ,0 ,8 ,1 ,29 ,7 ,3 ,1 ,5 ,2 ,20 ,3 ,9 ,3,4,1,61,11,11
1 ,3 ,179 ,38 ,21 ,8 ,15 ,0 ,9 ,1 ,117 ,4 ,11 ,3 ,31 ,8 ,43 ,7 ,45 ,6,8,3,184,21,16
6 ,1 ,574 ,142 ,40 ,28 ,56 ,7 ,29 ,9 ,455 ,31 ,50 ,9 ,99 ,16 ,223 ,12 ,272 ,38,54,5,319,40,83
3 ,0 ,439 ,147 ,74 ,14 ,59 ,13 ,27 ,2 ,233 ,15 ,18 ,5 ,96 ,10 ,88 ,6 ,109 ,9,28,3,288,55,29
0 ,0 ,83 ,9 ,8 ,0 ,11 ,0 ,1 ,0 ,82 ,4 ,14 ,0 ,17 ,0 ,26 ,0 ,14 ,6,2,0,69,3,4
112 ,32 ,10282 ,2799 ,967 ,333 ,1192 ,159 ,359 ,75 ,6467 ,514 ,901 ,138 ,1765 ,306 ,3645 ,251 ,3208 ,516,749,111,"7,252","1,251",873
4 ,1 ,291 ,75 ,36 ,11 ,30 ,2 ,9 ,2 ,140 ,8 ,25 ,7 ,58 ,15 ,94 ,6 ,84 ,13,26,2,201,15,34
1 ,0 ,90 ,29 ,6 ,0 ,11 ,1 ,2 ,0 ,53 ,10 ,10 ,2 ,16 ,5 ,25 ,3 ,23 ,9,7,1,87,32,17
0 ,0 ,124 ,26 ,11 ,1 ,24 ,0 ,14 ,2 ,79 ,6 ,7 ,0 ,16 ,4 ,25 ,0 ,24 ,4,2,0,88,5,5
0 ,0 ,292 ,67 ,18 ,7 ,11 ,2 ,6 ,2 ,186 ,11 ,19 ,4 ,37 ,3 ,99 ,3 ,105 ,9,23,3,266,42,8
0 ,0 ,134 ,30 ,8 ,0 ,35 ,4 ,6 ,0 ,228 ,7 ,12 ,2 ,30 ,9 ,55 ,3 ,56 ,8,16,1,90,10,7
1 ,0 ,107 ,16 ,3 ,1 ,6 ,3 ,0 ,0 ,75 ,2 ,6 ,1 ,19 ,3 ,26 ,1 ,37 ,1,2,1,77,7,2
1 ,0 ,184 ,45 ,7 ,0 ,14 ,3 ,8 ,1 ,124 ,14 ,18 ,1 ,46 ,7 ,55 ,1 ,48 ,4,22,0,120,23,15
4 ,1 ,217 ,31 ,9 ,2 ,28 ,2 ,5 ,1 ,98 ,5 ,11 ,1 ,37 ,4 ,56 ,0 ,66 ,5,5,1,189,22,12
0 ,1 ,139 ,19 ,11 ,6 ,13 ,1 ,2 ,1 ,84 ,5 ,14 ,1 ,23 ,2 ,36 ,1 ,50 ,5,11,2,132,16,13
1 ,0 ,114 ,21 ,3 ,1 ,19 ,6 ,3 ,0 ,94 ,5 ,8 ,0 ,10 ,6 ,14 ,0 ,35 ,6,6,1,97,6,5
0 ,0 ,86 ,19 ,8 ,3 ,5 ,1 ,0 ,0 ,42 ,2 ,1 ,0 ,17 ,3 ,27 ,1 ,20 ,5,3,1,63,10,9
2 ,2 ,216 ,77 ,26 ,20 ,35 ,4 ,8 ,0 ,115 ,7 ,15 ,6 ,48 ,6 ,71 ,2 ,56 ,5,10,3,207,58,22
1 ,0 ,71 ,19 ,5 ,0 ,11 ,1 ,2 ,1 ,57 ,4 ,8 ,1 ,18 ,4 ,34 ,2 ,14 ,1,3,1,55,3,8
7 ,1 ,476 ,131 ,75 ,27 ,61 ,2 ,12 ,1 ,171 ,13 ,22 ,3 ,75 ,8 ,97 ,7 ,144 ,12,22,5,275,63,31
1 ,0 ,103 ,27 ,6 ,3 ,18 ,3 ,1 ,0 ,74 ,10 ,5 ,1 ,14 ,8 ,48 ,2 ,18 ,5,10,1,73,14,1
4 ,0 ,302 ,62 ,41 ,3 ,25 ,2 ,5 ,0 ,228 ,13 ,18 ,2 ,42 ,2 ,74 ,6 ,66 ,11,12,3,200,20,17
0 ,1 ,142 ,47 ,9 ,1 ,13 ,5 ,8 ,5 ,152 ,5 ,24 ,2 ,18 ,3 ,62 ,6 ,41 ,8,8,2,135,26,18
1 ,0 ,188 ,36 ,8 ,4 ,29 ,0 ,6 ,1 ,146 ,7 ,10 ,2 ,48 ,9 ,37 ,2 ,68 ,5,7,1,90,16,14
10 ,7 ,359 ,68 ,35 ,6 ,20 ,2 ,9 ,0 ,142 ,12 ,40 ,5 ,53 ,14 ,101 ,5 ,56 ,22,32,4,173,14,32
3 ,0 ,285 ,79 ,13 ,2 ,44 ,8 ,13 ,4 ,250 ,11 ,24 ,0 ,74 ,11 ,59 ,7 ,102 ,17,16,0,265,57,18
2 ,0 ,178 ,44 ,24 ,12 ,27 ,1 ,8 ,0 ,107 ,6 ,19 ,0 ,36 ,9 ,61 ,5 ,55 ,7,9,1,111,26,22
1 ,0 ,146 ,24 ,6 ,1 ,16 ,1 ,1 ,3 ,122 ,10 ,7 ,2 ,17 ,2 ,44 ,3 ,46 ,5,11,4,155,49,7
2 ,1 ,322 ,88 ,20 ,4 ,27 ,4 ,1 ,1 ,171 ,12 ,21 ,2 ,66 ,9 ,182 ,13 ,114 ,15,27,6,304,51,21
25 ,11 ,1530 ,641 ,159 ,74 ,190 ,39 ,82 ,23 ,766 ,138 ,226 ,36 ,215 ,49 ,939 ,83 ,431 ,141,178,25,959,312,240
0 ,0 ,183 ,27 ,13 ,1 ,15 ,2 ,1 ,0 ,121 ,4 ,14 ,1 ,32 ,6 ,48 ,2 ,83 ,9,5,2,129,8,6
1 ,0 ,135 ,30 ,5 ,0 ,9 ,2 ,4 ,2 ,58 ,7 ,6 ,3 ,29 ,2 ,22 ,1 ,30 ,0,7,1,103,12,18
1 ,2 ,260 ,104 ,36 ,25 ,44 ,13 ,11 ,0 ,244 ,22 ,18 ,4 ,53 ,10 ,73 ,8 ,158 ,30,18,6,173,34,15
6 ,0 ,148 ,25 ,9 ,5 ,13 ,0 ,2 ,0 ,90 ,2 ,8 ,3 ,26 ,3 ,46 ,0 ,49 ,4,3,0,109,14,10
0 ,1 ,100 ,29 ,6 ,2 ,15 ,2 ,1 ,1 ,92 ,8 ,9 ,0 ,20 ,10 ,25 ,3 ,37 ,5,10,0,78,13,8
6 ,0 ,274 ,59 ,40 ,14 ,27 ,4 ,6 ,2 ,160 ,10 ,14 ,3 ,36 ,5 ,102 ,11 ,101 ,10,21,4,159,10,18
1 ,0 ,354 ,100 ,25 ,5 ,28 ,5 ,2 ,3 ,235 ,18 ,21 ,2 ,72 ,6 ,133 ,7 ,129 ,10,24,5,243,23,11
0 ,0 ,233 ,58 ,13 ,1 ,47 ,5 ,10 ,1 ,195 ,13 ,20 ,3 ,52 ,12 ,79 ,2 ,93 ,7,16,0,157,13,29
4 ,0 ,201 ,63 ,22 ,2 ,16 ,3 ,2 ,2 ,138 ,11 ,7 ,1 ,43 ,7 ,66 ,3 ,42 ,5,25,0,144,22,15
0 ,0 ,139 ,18 ,12 ,1 ,13 ,0 ,2 ,0 ,51 ,1 ,2 ,0 ,17 ,1 ,45 ,4 ,35 ,3,10,2,100,10,4
0 ,0 ,129 ,31 ,15 ,4 ,9 ,1 ,4 ,0 ,65 ,2 ,21 ,7 ,18 ,1 ,36 ,2 ,25 ,2,8,0,132,20,15
0 ,0 ,223 ,65 ,20 ,10 ,31 ,2 ,5 ,2 ,98 ,10 ,22 ,6 ,34 ,7 ,57 ,8 ,48 ,8,15,1,176,20,28
0 ,0 ,339 ,82 ,45 ,16 ,52 ,6 ,11 ,5 ,202 ,19 ,36 ,9 ,57 ,7 ,137 ,8 ,106 ,22,16,2,283,44,12
1 ,0 ,59 ,23 ,9 ,4 ,10 ,1 ,5 ,0 ,46 ,0 ,7 ,0 ,10 ,0 ,10 ,0 ,20 ,3,4,0,65,11,9
1 ,1 ,197 ,50 ,15 ,8 ,20 ,3 ,2 ,3 ,134 ,9 ,18 ,1 ,27 ,5 ,46 ,4 ,64 ,6,7,2,174,30,18
9 ,0 ,669 ,143 ,62 ,15 ,69 ,8 ,55 ,5 ,500 ,36 ,68 ,9 ,98 ,14 ,235 ,16 ,256 ,48,42,4,298,32,48
10 ,2 ,455 ,152 ,67 ,29 ,54 ,3 ,24 ,1 ,251 ,15 ,32 ,4 ,91 ,12 ,149 ,10 ,150 ,16,47,11,236,32,24
1 ,0 ,88 ,19 ,6 ,2 ,8 ,2 ,1 ,0 ,83 ,4 ,8 ,1 ,17 ,3 ,15 ,0 ,23 ,5,3,2,81,6,7
105 ,22 ,9580 ,2581 ,1043 ,370 ,1161 ,156 ,302 ,105 ,6391 ,526 ,874 ,129 ,1694 ,255 ,3583 ,216 ,3081 ,487,747,112,"7,287","1,204",902
2 ,0 ,277 ,59 ,54 ,23 ,21 ,4 ,9 ,1 ,150 ,12 ,21 ,3 ,57 ,8 ,110 ,5 ,70 ,11,8,1,180,28,35
1 ,0 ,76 ,42 ,4 ,0 ,10 ,1 ,9 ,3 ,74 ,15 ,10 ,2 ,23 ,2 ,36 ,1 ,25 ,12,8,1,79,23,19
4 ,1 ,128 ,33 ,11 ,1 ,13 ,2 ,6 ,5 ,73 ,2 ,17 ,1 ,26 ,4 ,22 ,2 ,19 ,6,4,1,78,14,7
1 ,0 ,205 ,46 ,23 ,12 ,19 ,3 ,3 ,0 ,157 ,5 ,22 ,5 ,25 ,4 ,71 ,2 ,107 ,4,15,2,221,29,12
4 ,0 ,104 ,42 ,11 ,1 ,35 ,7 ,3 ,5 ,200 ,7 ,10 ,2 ,26 ,3 ,40 ,4 ,48 ,12,9,0,73,7,10
0 ,0 ,118 ,12 ,5 ,0 ,6 ,2 ,0 ,0 ,69 ,0 ,3 ,0 ,24 ,3 ,37 ,0 ,41 ,2,7,2,74,10,1
1 ,0 ,174 ,64 ,9 ,1 ,17 ,4 ,5 ,0 ,130 ,14 ,12 ,2 ,31 ,6 ,46 ,3 ,48 ,8,12,2,135,24,9
3 ,1 ,190 ,37 ,12 ,0 ,30 ,0 ,8 ,0 ,130 ,10 ,12 ,0 ,41 ,3 ,59 ,3 ,71 ,11,11,4,205,28,7
2 ,0 ,156 ,19 ,9 ,2 ,10 ,2 ,0 ,1 ,78 ,4 ,11 ,2 ,19 ,5 ,51 ,3 ,44 ,2,12,0,118,13,11
2 ,1 ,109 ,20 ,7 ,1 ,13 ,3 ,2 ,2 ,123 ,7 ,11 ,1 ,25 ,6 ,12 ,4 ,20 ,13,8,0,79,5,8
1 ,0 ,65 ,18 ,12 ,2 ,7 ,0 ,0 ,1 ,33 ,4 ,4 ,2 ,16 ,2 ,19 ,2 ,22 ,0,2,0,88,6,1
6 ,0 ,259 ,60 ,47 ,20 ,30 ,1 ,3 ,2 ,122 ,11 ,19 ,4 ,50 ,6 ,71 ,7 ,39 ,8,10,3,198,38,21
1 ,0 ,69 ,23 ,6 ,0 ,9 ,4 ,0 ,0 ,60 ,3 ,5 ,0 ,12 ,3 ,38 ,4 ,20 ,2,3,0,61,7,11
10 ,0 ,472 ,131 ,73 ,30 ,58 ,4 ,24 ,2 ,144 ,15 ,20 ,7 ,90 ,12 ,65 ,2 ,141 ,10,39,7,294,47,37
0 ,2 ,87 ,16 ,6 ,4 ,16 ,3 ,5 ,0 ,75 ,6 ,6 ,0 ,20 ,5 ,21 ,6 ,30 ,8,4,0,116,14,1
0 ,0 ,307 ,68 ,25 ,4 ,31 ,4 ,8 ,0 ,229 ,11 ,26 ,7 ,39 ,4 ,64 ,1 ,80 ,17,17,4,228,16,30
1 ,0 ,169 ,30 ,6 ,1 ,23 ,4 ,16 ,2 ,141 ,12 ,29 ,0 ,31 ,2 ,76 ,4 ,35 ,6,9,0,136,19,16
0 ,0 ,187 ,28 ,7 ,5 ,45 ,2 ,7 ,0 ,131 ,12 ,14 ,2 ,35 ,3 ,40 ,3 ,55 ,2,11,1,107,13,9
8 ,1 ,253 ,67 ,34 ,7 ,46 ,2 ,2 ,1 ,142 ,21 ,29 ,0 ,48 ,7 ,72 ,1 ,76 ,6,21,4,164,22,51
4 ,0 ,273 ,76 ,13 ,1 ,43 ,6 ,6 ,3 ,256 ,10 ,14 ,1 ,71 ,7 ,63 ,1 ,103 ,13,21,0,287,45,9
4 ,0 ,144 ,41 ,33 ,11 ,22 ,2 ,4 ,1 ,75 ,11 ,12 ,1 ,23 ,3 ,38 ,2 ,42 ,9,11,2,119,31,4
0 ,0 ,140 ,18 ,6 ,0 ,16 ,2 ,2 ,1 ,121 ,13 ,11 ,1 ,23 ,5 ,45 ,0 ,29 ,7,9,1,135,26,11
2 ,0 ,240 ,60 ,20 ,5 ,17 ,2 ,2 ,2 ,158 ,4 ,16 ,1 ,43 ,6 ,173 ,11 ,85 ,10,33,2,240,57,17
13 ,8 ,1373 ,578 ,136 ,91 ,160 ,42 ,59 ,33 ,741 ,138 ,226 ,37 ,196 ,40 ,960 ,79 ,460 ,122,199,39,"1,075",349,229
0 ,0 ,161 ,23 ,14 ,1 ,12 ,0 ,0 ,1 ,104 ,4 ,11 ,0 ,40 ,2 ,69 ,1 ,66 ,7,12,1,118,9,9
0 ,1 ,126 ,18 ,11 ,0 ,17 ,1 ,2 ,1 ,57 ,5 ,15 ,0 ,20 ,1 ,38 ,3 ,17 ,2,11,0,97,11,15
2 ,0 ,297 ,114 ,51 ,16 ,39 ,6 ,4 ,0 ,209 ,16 ,41 ,11 ,67 ,12 ,69 ,6 ,164 ,35,17,5,186,37,18
1 ,0 ,165 ,31 ,17 ,3 ,12 ,5 ,1 ,1 ,77 ,2 ,5 ,0 ,24 ,3 ,50 ,0 ,57 ,5,6,0,119,8,11
1 ,2 ,131 ,22 ,12 ,1 ,19 ,0 ,3 ,0 ,101 ,5 ,3 ,1 ,25 ,1 ,32 ,2 ,47 ,5,7,5,94,13,6
3 ,1 ,221 ,54 ,47 ,13 ,20 ,3 ,13 ,4 ,172 ,17 ,13 ,1 ,39 ,6 ,116 ,9 ,83 ,14,28,5,169,11,22
2 ,0 ,317 ,121 ,35 ,10 ,36 ,6 ,7 ,4 ,252 ,10 ,11 ,1 ,52 ,7 ,133 ,5 ,122 ,22,14,1,193,22,14
4 ,1 ,268 ,78 ,11 ,4 ,42 ,3 ,8 ,1 ,189 ,12 ,8 ,0 ,55 ,12 ,77 ,4 ,95 ,11,20,2,168,23,23
3 ,0 ,177 ,37 ,22 ,6 ,20 ,0 ,3 ,3 ,136 ,7 ,7 ,1 ,38 ,10 ,62 ,2 ,71 ,8,18,3,120,24,19
0 ,0 ,96 ,24 ,11 ,1 ,6 ,0 ,1 ,0 ,47 ,3 ,7 ,2 ,22 ,1 ,47 ,2 ,34 ,1,5,0,95,10,4
0 ,0 ,131 ,48 ,12 ,5 ,13 ,1 ,1 ,0 ,68 ,4 ,12 ,2 ,19 ,3 ,37 ,1 ,23 ,3,9,2,118,9,26
1 ,0 ,210 ,63 ,27 ,16 ,25 ,4 ,4 ,1 ,122 ,12 ,21 ,3 ,35 ,4 ,72 ,3 ,45 ,1,3,0,204,27,19
4 ,2 ,320 ,63 ,46 ,11 ,47 ,7 ,11 ,7 ,232 ,17 ,27 ,3 ,49 ,11 ,114 ,5 ,103 ,12,25,3,287,47,20
1 ,0 ,64 ,12 ,2 ,2 ,7 ,1 ,5 ,0 ,56 ,5 ,10 ,0 ,11 ,1 ,13 ,2 ,17 ,2,3,2,54,12,16
0 ,0 ,217 ,59 ,17 ,10 ,11 ,1 ,3 ,1 ,132 ,8 ,14 ,3 ,25 ,2 ,45 ,1 ,68 ,7,13,0,193,18,15
6 ,1 ,593 ,144 ,56 ,26 ,73 ,4 ,31 ,9 ,501 ,33 ,60 ,11 ,85 ,20 ,238 ,17 ,213 ,38,51,5,298,36,66
5 ,0 ,402 ,71 ,76 ,21 ,51 ,8 ,21 ,7 ,255 ,10 ,40 ,7 ,80 ,8 ,115 ,3 ,122 ,11,19,1,204,10,27
2 ,0 ,109 ,11 ,7 ,2 ,14 ,0 ,1 ,0 ,69 ,9 ,9 ,2 ,14 ,2 ,27 ,0 ,24 ,2,3,1,80,6,6
89 ,9 ,9663 ,2714 ,1024 ,352 ,1139 ,175 ,346 ,75 ,5895 ,546 ,816 ,139 ,1673 ,250 ,3373 ,223 ,3185 ,508,716,119,"6,867","1,274",994
2 ,0 ,260 ,80 ,48 ,20 ,34 ,5 ,5 ,0 ,147 ,11 ,23 ,2 ,32 ,5 ,78 ,4 ,73 ,10,18,4,178,27,36
0 ,0 ,74 ,24 ,6 ,2 ,14 ,2 ,2 ,0 ,59 ,6 ,10 ,0 ,9 ,3 ,18 ,1 ,15 ,2,6,0,90,26,16
1 ,1 ,89 ,24 ,13 ,1 ,12 ,2 ,4 ,0 ,71 ,2 ,15 ,0 ,22 ,1 ,31 ,2 ,32 ,4,9,4,98,18,23
0 ,0 ,262 ,62 ,18 ,10 ,19 ,1 ,2 ,1 ,109 ,7 ,10 ,0 ,32 ,5 ,70 ,1 ,128 ,11,9,0,178,27,15
0 ,0 ,104 ,33 ,12 ,1 ,18 ,4 ,6 ,1 ,175 ,15 ,10 ,2 ,24 ,9 ,65 ,5 ,36 ,8,10,1,69,9,7
0 ,0 ,85 ,17 ,2 ,1 ,6 ,0 ,1 ,0 ,63 ,4 ,4 ,0 ,22 ,1 ,29 ,0 ,30 ,1,4,0,75,8,0
1 ,0 ,170 ,29 ,13 ,1 ,21 ,5 ,5 ,0 ,120 ,13 ,10 ,1 ,40 ,5 ,54 ,3 ,44 ,6,14,3,99,12,12
4 ,0 ,187 ,43 ,10 ,1 ,18 ,3 ,4 ,0 ,99 ,9 ,7 ,4 ,34 ,2 ,50 ,2 ,67 ,7,10,0,153,10,9
1 ,0 ,128 ,28 ,10 ,1 ,13 ,1 ,3 ,3 ,80 ,3 ,8 ,3 ,25 ,1 ,31 ,0 ,63 ,8,12,0,115,14,19
0 ,0 ,104 ,24 ,2 ,0 ,17 ,3 ,2 ,2 ,89 ,11 ,4 ,3 ,25 ,7 ,16 ,1 ,26 ,6,6,1,70,8,10
0 ,0 ,58 ,14 ,0 ,2 ,6 ,0 ,1 ,0 ,48 ,2 ,2 ,1 ,22 ,1 ,38 ,1 ,22 ,2,4,0,74,9,2
4 ,0 ,237 ,63 ,49 ,9 ,28 ,3 ,6 ,4 ,112 ,9 ,22 ,4 ,41 ,5 ,62 ,1 ,47 ,3,6,1,189,59,21
1 ,0 ,73 ,13 ,1 ,2 ,13 ,1 ,2 ,0 ,46 ,3 ,3 ,1 ,18 ,1 ,31 ,0 ,18 ,4,2,2,58,3,11
12 ,1 ,490 ,109 ,64 ,34 ,55 ,0 ,37 ,1 ,151 ,8 ,20 ,5 ,82 ,12 ,81 ,11 ,141 ,28,32,3,286,36,42
0 ,0 ,78 ,20 ,8 ,3 ,8 ,4 ,0 ,6 ,83 ,7 ,10 ,0 ,18 ,5 ,47 ,0 ,30 ,6,4,1,65,16,10
1 ,0 ,296 ,73 ,35 ,8 ,34 ,4 ,7 ,1 ,159 ,7 ,17 ,0 ,40 ,5 ,56 ,0 ,68 ,8,19,0,184,22,24
1 ,0 ,163 ,45 ,8 ,0 ,25 ,1 ,3 ,0 ,138 ,6 ,20 ,5 ,26 ,3 ,55 ,1 ,39 ,6,8,3,128,26,10
0 ,0 ,175 ,27 ,11 ,2 ,14 ,2 ,7 ,2 ,129 ,12 ,13 ,2 ,36 ,5 ,40 ,7 ,63 ,4,13,1,67,14,20
4 ,0 ,310 ,77 ,24 ,4 ,23 ,4 ,12 ,5 ,139 ,13 ,38 ,5 ,63 ,9 ,80 ,3 ,56 ,10,28,3,162,20,40
0 ,0 ,254 ,80 ,22 ,1 ,36 ,2 ,8 ,1 ,244 ,18 ,19 ,7 ,55 ,5 ,60 ,2 ,106 ,11,17,1,231,42,12
1 ,0 ,178 ,27 ,28 ,12 ,26 ,5 ,5 ,1 ,72 ,6 ,11 ,1 ,21 ,4 ,43 ,4 ,49 ,6,11,1,124,35,15
1 ,0 ,125 ,28 ,3 ,0 ,17 ,5 ,0 ,2 ,87 ,11 ,8 ,3 ,24 ,0 ,33 ,2 ,37 ,10,11,6,124,36,8
0 ,0 ,305 ,68 ,32 ,10 ,14 ,0 ,4 ,0 ,179 ,10 ,16 ,5 ,33 ,6 ,176 ,9 ,107 ,6,14,7,225,32,19
12 ,1 ,1363 ,638 ,142 ,60 ,158 ,55 ,87 ,22 ,687 ,143 ,175 ,31 ,210 ,47 ,917 ,86 ,426 ,134,175,35,964,323,214
0 ,0 ,158 ,35 ,5 ,2 ,14 ,1 ,4 ,0 ,103 ,7 ,14 ,1 ,45 ,4 ,54 ,1 ,89 ,6,6,1,134,11,10
0 ,0 ,126 ,23 ,8 ,1 ,9 ,3 ,0 ,0 ,54 ,5 ,5 ,0 ,15 ,0 ,22 ,2 ,21 ,4,4,0,95,11,16
2 ,0 ,242 ,80 ,52 ,23 ,49 ,7 ,9 ,1 ,231 ,18 ,23 ,5 ,66 ,9 ,58 ,12 ,157 ,24,12,1,185,33,11
0 ,1 ,187 ,38 ,14 ,3 ,22 ,1 ,2 ,0 ,108 ,8 ,5 ,0 ,24 ,2 ,32 ,2 ,67 ,5,7,0,138,13,5
1 ,0 ,112 ,13 ,10 ,3 ,22 ,1 ,0 ,0 ,88 ,5 ,10 ,3 ,22 ,3 ,30 ,3 ,50 ,7,15,4,124,11,14
4 ,0 ,247 ,66 ,28 ,8 ,23 ,4 ,9 ,2 ,150 ,13 ,16 ,1 ,44 ,6 ,87 ,10 ,69 ,9,12,2,139,18,25
2 ,0 ,382 ,131 ,27 ,12 ,27 ,8 ,6 ,0 ,252 ,21 ,24 ,4 ,61 ,7 ,114 ,5 ,146 ,39,14,2,225,77,11
3 ,1 ,209 ,70 ,14 ,2 ,40 ,6 ,25 ,0 ,157 ,27 ,24 ,4 ,48 ,8 ,74 ,5 ,88 ,9,13,2,167,19,57
0 ,0 ,194 ,59 ,24 ,9 ,18 ,4 ,5 ,0 ,123 ,12 ,19 ,3 ,34 ,6 ,61 ,2 ,56 ,12,18,3,129,27,24
2 ,0 ,94 ,15 ,8 ,2 ,5 ,0 ,8 ,1 ,62 ,2 ,7 ,1 ,19 ,3 ,43 ,2 ,41 ,2,6,0,84,4,8
3 ,0 ,129 ,34 ,21 ,7 ,13 ,1 ,1 ,0 ,57 ,6 ,13 ,2 ,21 ,3 ,18 ,0 ,20 ,2,10,0,95,11,7
0 ,0 ,257 ,67 ,28 ,11 ,18 ,0 ,5 ,4 ,90 ,5 ,18 ,3 ,25 ,4 ,71 ,4 ,55 ,12,10,0,180,28,11
4 ,1 ,333 ,103 ,46 ,15 ,58 ,2 ,7 ,3 ,233 ,22 ,36 ,5 ,73 ,9 ,98 ,7 ,81 ,10,32,1,318,40,30
0 ,0 ,65 ,16 ,9 ,4 ,13 ,1 ,3 ,0 ,42 ,9 ,10 ,1 ,9 ,4 ,21 ,2 ,19 ,4,4,0,78,21,11
6 ,0 ,220 ,60 ,20 ,9 ,25 ,5 ,4 ,2 ,112 ,8 ,16 ,4 ,41 ,5 ,56 ,2 ,75 ,6,11,2,190,27,12
11 ,1 ,609 ,172 ,66 ,23 ,63 ,13 ,30 ,9 ,446 ,26 ,59 ,11 ,89 ,16 ,211 ,13 ,253 ,38,69,15,280,68,92
5 ,2 ,446 ,73 ,71 ,33 ,84 ,5 ,15 ,1 ,243 ,15 ,34 ,6 ,70 ,13 ,137 ,5 ,154 ,15,24,8,236,21,51
0 ,0 ,85 ,13 ,12 ,0 ,7 ,1 ,0 ,0 ,58 ,1 ,8 ,0 ,13 ,1 ,25 ,0 ,21 ,3,7,1,64,2,4
54 ,20 ,10056 ,2644 ,994 ,337 ,1099 ,188 ,370 ,92 ,6192 ,579 ,867 ,140 ,1767 ,245 ,3465 ,283 ,3296 ,570,739,119,"7,167","1,160",948
2 ,1 ,255 ,62 ,41 ,9 ,29 ,3 ,8 ,4 ,140 ,7 ,25 ,2 ,60 ,10 ,53 ,4 ,75 ,9,14,3,184,21,33
0 ,0 ,115 ,18 ,4 ,0 ,8 ,1 ,6 ,0 ,68 ,10 ,7 ,1 ,9 ,3 ,17 ,2 ,19 ,6,5,1,97,25,22
1 ,0 ,108 ,27 ,13 ,1 ,12 ,1 ,0 ,1 ,65 ,3 ,9 ,0 ,17 ,1 ,23 ,2 ,23 ,2,6,4,70,7,16
3 ,1 ,263 ,64 ,18 ,11 ,17 ,3 ,7 ,2 ,145 ,14 ,15 ,0 ,40 ,3 ,103 ,4 ,123 ,16,12,2,230,41,12
1 ,1 ,118 ,36 ,10 ,1 ,22 ,11 ,7 ,1 ,175 ,5 ,15 ,4 ,30 ,4 ,48 ,4 ,46 ,8,7,0,55,10,4
0 ,0 ,102 ,11 ,3 ,0 ,8 ,3 ,5 ,1 ,71 ,5 ,7 ,1 ,19 ,0 ,19 ,0 ,21 ,1,4,0,99,6,2
0 ,0 ,173 ,35 ,13 ,1 ,17 ,0 ,10 ,0 ,131 ,13 ,18 ,0 ,31 ,2 ,51 ,7 ,62 ,5,11,1,100,13,11
1 ,0 ,195 ,29 ,8 ,3 ,33 ,2 ,2 ,0 ,111 ,4 ,7 ,1 ,37 ,3 ,56 ,1 ,72 ,8,8,4,178,20,11
1 ,1 ,132 ,22 ,17 ,1 ,8 ,2 ,3 ,3 ,68 ,2 ,5 ,1 ,24 ,4 ,41 ,2 ,53 ,9,11,1,96,18,7
0 ,0 ,134 ,17 ,7 ,2 ,19 ,1 ,2 ,1 ,139 ,7 ,6 ,0 ,22 ,2 ,14 ,0 ,24 ,0,7,1,103,2,7
1 ,0 ,74 ,20 ,7 ,4 ,3 ,1 ,0 ,0 ,46 ,3 ,1 ,0 ,14 ,0 ,39 ,2 ,26 ,1,4,0,66,5,5
4 ,0 ,283 ,61 ,32 ,15 ,25 ,4 ,7 ,1 ,116 ,9 ,18 ,4 ,42 ,7 ,73 ,5 ,64 ,8,19,3,188,77,25
0 ,0 ,69 ,11 ,4 ,1 ,2 ,1 ,1 ,0 ,47 ,4 ,5 ,2 ,16 ,0 ,18 ,0 ,23 ,3,2,0,54,7,8
2 ,0 ,493 ,104 ,71 ,32 ,51 ,6 ,38 ,7 ,171 ,10 ,26 ,4 ,76 ,12 ,106 ,10 ,168 ,12,34,5,367,37,33
0 ,0 ,103 ,18 ,7 ,3 ,18 ,0 ,2 ,0 ,100 ,7 ,5 ,0 ,20 ,6 ,39 ,1 ,36 ,6,11,1,77,12,4
0 ,0 ,276 ,50 ,35 ,10 ,24 ,6 ,7 ,0 ,150 ,20 ,19 ,4 ,50 ,10 ,49 ,3 ,57 ,13,14,2,209,14,23
1 ,0 ,150 ,47 ,10 ,3 ,18 ,3 ,6 ,2 ,152 ,8 ,17 ,4 ,29 ,3 ,54 ,2 ,35 ,6,6,6,114,29,25
1 ,0 ,173 ,41 ,11 ,6 ,19 ,3 ,6 ,1 ,129 ,11 ,8 ,3 ,40 ,3 ,52 ,11 ,48 ,7,3,1,95,14,32
1 ,1 ,279 ,75 ,21 ,11 ,41 ,0 ,10 ,0 ,139 ,16 ,29 ,2 ,62 ,6 ,77 ,6 ,59 ,14,21,3,160,22,30
2 ,1 ,264 ,71 ,8 ,3 ,39 ,3 ,9 ,5 ,195 ,12 ,24 ,7 ,58 ,6 ,68 ,3 ,126 ,16,32,2,257,56,16
2 ,1 ,205 ,36 ,18 ,9 ,18 ,5 ,10 ,0 ,70 ,6 ,17 ,4 ,31 ,6 ,31 ,3 ,53 ,7,9,1,100,18,12
1 ,1 ,122 ,30 ,9 ,0 ,19 ,2 ,1 ,0 ,91 ,8 ,15 ,1 ,29 ,4 ,43 ,7 ,55 ,9,6,0,133,34,9
5 ,1 ,321 ,59 ,37 ,9 ,18 ,3 ,15 ,0 ,176 ,10 ,22 ,0 ,49 ,3 ,177 ,8 ,104 ,11,16,3,266,39,17
9 ,4 ,1455 ,626 ,141 ,73 ,175 ,51 ,73 ,30 ,687 ,157 ,210 ,42 ,198 ,51 ,904 ,98 ,457 ,154,192,23,850,238,217
0 ,0 ,175 ,21 ,4 ,1 ,11 ,1 ,3 ,1 ,100 ,3 ,22 ,2 ,26 ,5 ,41 ,0 ,82 ,9,6,4,120,8,12
1 ,0 ,117 ,39 ,9 ,1 ,14 ,1 ,4 ,0 ,54 ,6 ,3 ,1 ,29 ,4 ,23 ,2 ,26 ,2,13,1,98,11,11
3 ,0 ,257 ,77 ,51 ,12 ,37 ,9 ,5 ,5 ,301 ,21 ,26 ,6 ,63 ,4 ,73 ,9 ,154 ,36,21,4,214,34,13
2 ,1 ,152 ,27 ,13 ,5 ,11 ,2 ,4 ,3 ,87 ,5 ,7 ,0 ,22 ,1 ,43 ,2 ,53 ,3,4,1,125,10,2
2 ,0 ,139 ,42 ,4 ,0 ,16 ,3 ,0 ,0 ,127 ,10 ,12 ,3 ,24 ,4 ,30 ,4 ,63 ,19,9,2,128,15,38
1 ,0 ,238 ,57 ,56 ,9 ,23 ,6 ,4 ,2 ,165 ,7 ,15 ,1 ,49 ,6 ,104 ,11 ,114 ,24,16,3,144,13,13
0 ,0 ,359 ,120 ,39 ,6 ,38 ,3 ,11 ,3 ,252 ,18 ,26 ,2 ,72 ,10 ,130 ,8 ,137 ,20,17,5,226,71,17
1 ,1 ,266 ,74 ,15 ,2 ,50 ,7 ,5 ,3 ,195 ,29 ,12 ,3 ,57 ,6 ,69 ,2 ,79 ,5,20,4,162,27,20
1 ,1 ,210 ,47 ,14 ,14 ,35 ,3 ,8 ,0 ,136 ,8 ,24 ,4 ,41 ,5 ,65 ,3 ,55 ,3,11,1,156,21,19
0 ,0 ,127 ,13 ,7 ,0 ,11 ,2 ,2 ,0 ,40 ,2 ,6 ,1 ,28 ,1 ,45 ,3 ,30 ,0,3,1,72,4,3
0 ,0 ,124 ,37 ,16 ,2 ,19 ,2 ,1 ,0 ,67 ,6 ,20 ,2 ,23 ,3 ,48 ,4 ,23 ,7,10,1,117,9,8
0 ,0 ,226 ,65 ,24 ,11 ,19 ,1 ,2 ,0 ,108 ,13 ,14 ,2 ,22 ,7 ,69 ,6 ,65 ,10,17,2,216,18,11
3 ,1 ,278 ,95 ,31 ,11 ,32 ,7 ,10 ,3 ,170 ,10 ,36 ,3 ,51 ,9 ,124 ,6 ,91 ,12,31,3,313,32,31
0 ,0 ,58 ,16 ,8 ,6 ,9 ,2 ,2 ,0 ,55 ,8 ,7 ,1 ,14 ,2 ,22 ,2 ,20 ,3,1,0,69,21,6
0 ,0 ,198 ,57 ,12 ,6 ,15 ,4 ,1 ,0 ,150 ,10 ,18 ,1 ,45 ,6 ,64 ,2 ,70 ,15,25,6,222,17,10
2 ,3 ,663 ,171 ,76 ,22 ,53 ,13 ,35 ,10 ,467 ,44 ,49 ,16 ,92 ,12 ,202 ,19 ,231 ,46,50,9,311,57,76
0 ,0 ,495 ,103 ,62 ,20 ,52 ,6 ,36 ,2 ,253 ,24 ,31 ,4 ,80 ,10 ,129 ,13 ,141 ,21,26,5,252,24,70
0 ,0 ,112 ,13 ,8 ,1 ,11 ,1 ,2 ,1 ,83 ,4 ,9 ,1 ,26 ,1 ,29 ,2 ,33 ,4,5,0,74,3,7
80 ,20 ,8018 ,2070 ,853 ,289 ,875 ,107 ,294 ,79 ,5134 ,425 ,721 ,105 ,1356 ,252 ,2940 ,209 ,2462 ,373,680,105,"5,954",933,894
0 ,0 ,203 ,39 ,48 ,12 ,26 ,5 ,7 ,1 ,126 ,7 ,19 ,0 ,38 ,3 ,61 ,3 ,64 ,13,10,3,137,8,36
0 ,0 ,77 ,25 ,7 ,0 ,18 ,2 ,2 ,0 ,43 ,8 ,4 ,1 ,13 ,4 ,22 ,0 ,17 ,2,1,1,69,13,14
0 ,0 ,115 ,26 ,7 ,2 ,11 ,3 ,0 ,2 ,57 ,3 ,10 ,1 ,24 ,2 ,23 ,3 ,27 ,3,3,2,63,3,17
1 ,1 ,206 ,50 ,22 ,7 ,18 ,3 ,8 ,0 ,126 ,10 ,7 ,1 ,41 ,3 ,61 ,5 ,77 ,13,11,0,190,34,18
0 ,0 ,94 ,32 ,5 ,1 ,31 ,4 ,6 ,0 ,181 ,11 ,11 ,1 ,33 ,0 ,59 ,2 ,41 ,5,4,0,50,12,5
1 ,0 ,101 ,15 ,4 ,0 ,1 ,0 ,1 ,1 ,60 ,3 ,5 ,2 ,11 ,3 ,22 ,0 ,35 ,3,5,0,77,7,1
1 ,0 ,129 ,28 ,8 ,1 ,13 ,0 ,3 ,0 ,120 ,14 ,11 ,0 ,21 ,7 ,42 ,2 ,44 ,10,16,15,82,17,8
1 ,0 ,152 ,29 ,11 ,0 ,11 ,0 ,3 ,2 ,78 ,4 ,5 ,1 ,32 ,2 ,38 ,5 ,33 ,9,5,0,151,22,10
0 ,0 ,97 ,11 ,5 ,3 ,12 ,1 ,5 ,0 ,72 ,3 ,10 ,0 ,15 ,4 ,35 ,1 ,22 ,9,8,2,117,8,22
3 ,0 ,81 ,21 ,2 ,0 ,18 ,3 ,1 ,0 ,80 ,10 ,4 ,0 ,19 ,3 ,8 ,0 ,26 ,1,3,0,58,3,4
0 ,0 ,42 ,10 ,9 ,1 ,4 ,1 ,0 ,0 ,24 ,5 ,1 ,0 ,14 ,0 ,31 ,0 ,16 ,3,3,1,46,4,5
1 ,0 ,189 ,50 ,29 ,10 ,30 ,1 ,5 ,0 ,109 ,4 ,24 ,5 ,26 ,7 ,91 ,6 ,50 ,7,9,2,203,43,23
1 ,0 ,57 ,6 ,3 ,0 ,10 ,0 ,1 ,0 ,37 ,1 ,3 ,2 ,11 ,0 ,17 ,0 ,13 ,0,4,1,38,5,5
9 ,1 ,378 ,72 ,51 ,17 ,45 ,0 ,18 ,4 ,119 ,7 ,9 ,4 ,66 ,3 ,88 ,4 ,120 ,15,26,3,202,18,26
2 ,0 ,60 ,15 ,6 ,2 ,3 ,1 ,3 ,2 ,42 ,1 ,4 ,1 ,13 ,6 ,23 ,2 ,12 ,0,4,2,55,7,5
2 ,0 ,225 ,46 ,20 ,7 ,27 ,4 ,7 ,1 ,171 ,12 ,35 ,1 ,42 ,8 ,71 ,7 ,71 ,4,16,0,178,23,20
6 ,1 ,130 ,29 ,6 ,1 ,8 ,0 ,5 ,0 ,99 ,13 ,17 ,1 ,22 ,8 ,49 ,6 ,32 ,5,8,2,96,26,16
1 ,1 ,165 ,33 ,9 ,3 ,23 ,3 ,4 ,4 ,123 ,6 ,25 ,2 ,26 ,10 ,32 ,1 ,41 ,2,10,3,80,10,17
0 ,0 ,230 ,75 ,16 ,5 ,14 ,5 ,2 ,1 ,149 ,14 ,29 ,4 ,39 ,5 ,72 ,10 ,50 ,10,21,1,157,16,42
0 ,1 ,245 ,66 ,11 ,1 ,26 ,2 ,5 ,1 ,183 ,11 ,23 ,5 ,52 ,7 ,42 ,2 ,119 ,16,18,0,202,42,25
2 ,2 ,178 ,42 ,19 ,9 ,19 ,2 ,3 ,0 ,88 ,5 ,13 ,3 ,22 ,4 ,27 ,2 ,37 ,5,9,2,84,17,17
3 ,0 ,89 ,19 ,3 ,0 ,4 ,0 ,1 ,0 ,91 ,7 ,10 ,0 ,12 ,3 ,33 ,0 ,34 ,6,13,0,107,23,11
2 ,0 ,260 ,78 ,23 ,7 ,11 ,0 ,9 ,0 ,138 ,9 ,24 ,1 ,40 ,16 ,161 ,8 ,57 ,15,12,2,182,33,15
12 ,8 ,1092 ,433 ,145 ,60 ,149 ,21 ,65 ,22 ,637 ,76 ,174 ,31 ,145 ,44 ,758 ,68 ,350 ,87,188,24,952,241,213
1 ,0 ,131 ,22 ,14 ,1 ,6 ,3 ,1 ,1 ,100 ,6 ,5 ,1 ,30 ,4 ,61 ,3 ,69 ,5,9,0,141,6,13
2 ,1 ,105 ,19 ,2 ,0 ,6 ,2 ,4 ,1 ,40 ,6 ,6 ,2 ,21 ,3 ,19 ,2 ,25 ,1,14,3,75,14,11
2 ,0 ,206 ,77 ,35 ,17 ,44 ,3 ,8 ,4 ,187 ,20 ,17 ,4 ,47 ,10 ,40 ,4 ,109 ,16,15,3,148,24,16
3 ,0 ,134 ,26 ,9 ,5 ,12 ,0 ,1 ,1 ,82 ,3 ,7 ,0 ,30 ,2 ,16 ,1 ,36 ,3,4,2,97,13,8
0 ,0 ,98 ,26 ,2 ,0 ,14 ,2 ,2 ,1 ,71 ,8 ,10 ,0 ,21 ,3 ,24 ,0 ,28 ,6,14,5,83,6,14
4 ,0 ,172 ,55 ,34 ,15 ,23 ,3 ,13 ,2 ,152 ,5 ,17 ,5 ,34 ,4 ,94 ,14 ,56 ,5,18,4,107,9,27
5 ,0 ,251 ,79 ,30 ,6 ,32 ,2 ,8 ,3 ,188 ,16 ,22 ,4 ,48 ,7 ,115 ,8 ,101 ,7,23,0,183,27,11
0 ,0 ,204 ,52 ,8 ,2 ,32 ,9 ,12 ,6 ,138 ,8 ,15 ,1 ,44 ,5 ,65 ,5 ,45 ,10,14,0,82,26,16
2 ,0 ,160 ,44 ,28 ,6 ,15 ,2 ,4 ,2 ,98 ,10 ,11 ,3 ,31 ,8 ,55 ,6 ,50 ,3,14,1,129,14,18
0 ,0 ,88 ,11 ,5 ,1 ,2 ,0 ,1 ,0 ,54 ,5 ,1 ,1 ,12 ,0 ,37 ,1 ,29 ,3,8,0,111,6,7
0 ,0 ,124 ,22 ,15 ,3 ,4 ,2 ,1 ,0 ,38 ,5 ,6 ,1 ,14 ,2 ,36 ,1 ,27 ,3,2,1,94,8,16
0 ,0 ,250 ,42 ,19 ,10 ,11 ,1 ,10 ,1 ,107 ,4 ,13 ,3 ,30 ,5 ,51 ,2 ,38 ,6,12,1,147,17,11
1 ,1 ,257 ,70 ,55 ,20 ,29 ,4 ,6 ,1 ,144 ,14 ,22 ,4 ,37 ,10 ,92 ,6 ,68 ,12,16,1,229,24,21
1 ,1 ,57 ,14 ,6 ,5 ,5 ,0 ,0 ,1 ,39 ,4 ,2 ,0 ,8 ,0 ,4 ,0 ,17 ,4,0,2,67,10,7
0 ,1 ,162 ,36 ,19 ,4 ,12 ,4 ,4 ,3 ,104 ,5 ,15 ,0 ,22 ,3 ,39 ,0 ,53 ,3,7,1,137,17,10
8 ,0 ,519 ,131 ,47 ,24 ,36 ,7 ,39 ,8 ,340 ,35 ,45 ,4 ,63 ,17 ,203 ,10 ,189 ,23,57,12,227,31,69
2 ,0 ,417 ,81 ,53 ,19 ,52 ,2 ,16 ,3 ,234 ,26 ,21 ,5 ,71 ,14 ,96 ,8 ,113 ,18,44,3,261,42,39
1 ,1 ,88 ,13 ,3 ,2 ,8 ,0 ,0 ,0 ,65 ,1 ,9 ,0 ,16 ,3 ,27 ,1 ,21 ,2,2,0,60,4,5
75 ,30 ,9993 ,2753 ,1062 ,372 ,1158 ,168 ,372 ,92 ,7195 ,570 ,904 ,145 ,1827 ,292 ,3843 ,236 ,2942 ,528,667,83,"7,078","1,002",756
1 ,1 ,247 ,74 ,35 ,20 ,37 ,6 ,8 ,0 ,208 ,15 ,13 ,2 ,67 ,5 ,93 ,2 ,73 ,14,7,1,183,27,20
3 ,0 ,80 ,26 ,6 ,1 ,15 ,2 ,3 ,2 ,68 ,4 ,11 ,1 ,15 ,1 ,35 ,1 ,30 ,10,10,0,72,20,15
1 ,0 ,132 ,29 ,7 ,2 ,16 ,2 ,5 ,0 ,108 ,6 ,16 ,0 ,28 ,5 ,25 ,3 ,25 ,1,8,0,76,7,17
0 ,0 ,238 ,47 ,21 ,5 ,23 ,2 ,8 ,0 ,168 ,16 ,19 ,2 ,40 ,6 ,99 ,3 ,76 ,18,7,3,182,26,5
1 ,0 ,104 ,32 ,15 ,1 ,22 ,1 ,8 ,1 ,150 ,11 ,11 ,3 ,31 ,6 ,64 ,7 ,33 ,5,6,1,67,5,4
0 ,0 ,84 ,13 ,6 ,0 ,9 ,2 ,0 ,0 ,65 ,5 ,7 ,1 ,17 ,3 ,20 ,1 ,28 ,2,3,0,81,8,5
2 ,2 ,188 ,41 ,6 ,1 ,24 ,2 ,5 ,6 ,147 ,5 ,17 ,1 ,28 ,6 ,58 ,2 ,47 ,6,9,1,107,8,8
4 ,0 ,230 ,32 ,19 ,2 ,22 ,2 ,5 ,0 ,117 ,7 ,15 ,1 ,23 ,7 ,61 ,2 ,51 ,7,8,0,166,24,5
0 ,0 ,119 ,15 ,13 ,2 ,19 ,0 ,3 ,0 ,71 ,2 ,5 ,0 ,16 ,3 ,44 ,2 ,33 ,9,4,1,87,8,8
0 ,0 ,110 ,24 ,4 ,0 ,14 ,3 ,1 ,0 ,107 ,9 ,11 ,3 ,21 ,4 ,19 ,0 ,17 ,9,6,1,72,7,3
0 ,0 ,73 ,8 ,5 ,1 ,12 ,0 ,0 ,0 ,31 ,1 ,2 ,0 ,21 ,1 ,42 ,2 ,18 ,3,5,0,62,7,1
1 ,0 ,248 ,79 ,40 ,13 ,23 ,5 ,8 ,6 ,167 ,13 ,29 ,10 ,44 ,3 ,93 ,8 ,45 ,6,8,1,207,26,14
1 ,0 ,83 ,13 ,5 ,0 ,14 ,2 ,7 ,0 ,78 ,3 ,9 ,0 ,14 ,4 ,32 ,3 ,16 ,4,5,0,73,5,6
4 ,0 ,534 ,116 ,86 ,24 ,49 ,0 ,20 ,4 ,216 ,8 ,29 ,1 ,68 ,6 ,98 ,7 ,120 ,15,47,2,319,65,26
0 ,1 ,86 ,29 ,6 ,2 ,9 ,6 ,1 ,1 ,77 ,8 ,2 ,0 ,31 ,3 ,34 ,6 ,23 ,4,6,2,90,12,4
2 ,1 ,259 ,37 ,22 ,3 ,29 ,2 ,4 ,0 ,193 ,8 ,22 ,1 ,47 ,6 ,73 ,4 ,70 ,5,14,0,167,16,9
3 ,1 ,203 ,50 ,17 ,1 ,12 ,0 ,3 ,1 ,209 ,7 ,28 ,8 ,23 ,7 ,79 ,3 ,49 ,19,9,2,149,28,18
2 ,0 ,187 ,40 ,19 ,11 ,21 ,6 ,8 ,0 ,142 ,9 ,8 ,3 ,41 ,2 ,59 ,1 ,68 ,5,11,1,115,7,5
5 ,1 ,272 ,95 ,24 ,9 ,39 ,1 ,9 ,2 ,155 ,15 ,36 ,5 ,67 ,2 ,93 ,7 ,71 ,6,19,3,169,11,24
0 ,2 ,213 ,56 ,20 ,2 ,46 ,4 ,15 ,0 ,255 ,15 ,20 ,3 ,66 ,6 ,72 ,4 ,101 ,15,12,1,211,31,14
3 ,0 ,153 ,43 ,27 ,6 ,18 ,3 ,9 ,3 ,92 ,4 ,11 ,2 ,26 ,7 ,21 ,2 ,29 ,6,12,2,70,16,15
0 ,0 ,115 ,19 ,2 ,1 ,12 ,5 ,4 ,0 ,103 ,11 ,10 ,1 ,24 ,1 ,37 ,0 ,48 ,5,8,2,132,29,12
1 ,1 ,312 ,71 ,30 ,16 ,30 ,4 ,7 ,0 ,195 ,27 ,20 ,1 ,64 ,9 ,187 ,14 ,95 ,17,16,5,257,58,12
15 ,12 ,1619 ,668 ,160 ,68 ,156 ,36 ,94 ,29 ,899 ,129 ,231 ,44 ,219 ,68 ,991 ,89 ,441 ,152,87,14,"1,019",150,184
0 ,0 ,188 ,33 ,14 ,3 ,16 ,3 ,4 ,0 ,141 ,9 ,11 ,0 ,52 ,6 ,51 ,0 ,85 ,4,11,0,119,3,6
1 ,0 ,111 ,30 ,4 ,0 ,3 ,2 ,5 ,1 ,77 ,5 ,15 ,1 ,23 ,2 ,21 ,2 ,25 ,2,8,0,89,12,13
0 ,0 ,265 ,108 ,50 ,21 ,47 ,7 ,7 ,4 ,312 ,28 ,21 ,5 ,53 ,15 ,60 ,2 ,136 ,25,22,2,218,50,16
1 ,0 ,134 ,31 ,13 ,4 ,19 ,0 ,1 ,0 ,109 ,4 ,8 ,0 ,30 ,3 ,45 ,1 ,51 ,7,9,0,101,11,6
0 ,0 ,128 ,27 ,13 ,2 ,11 ,5 ,6 ,3 ,95 ,8 ,10 ,0 ,34 ,2 ,44 ,2 ,53 ,12,20,0,101,11,8
2 ,0 ,256 ,69 ,41 ,14 ,31 ,2 ,8 ,1 ,169 ,16 ,36 ,1 ,38 ,8 ,111 ,1 ,74 ,10,17,2,119,15,22
3 ,1 ,342 ,110 ,27 ,14 ,38 ,8 ,6 ,0 ,264 ,14 ,19 ,6 ,62 ,13 ,166 ,4 ,107 ,16,13,2,216,38,15
3 ,3 ,200 ,61 ,14 ,2 ,38 ,4 ,7 ,4 ,214 ,9 ,11 ,0 ,53 ,10 ,69 ,3 ,76 ,8,26,1,142,20,20
0 ,0 ,208 ,61 ,23 ,4 ,31 ,4 ,4 ,0 ,180 ,16 ,8 ,1 ,50 ,6 ,89 ,3 ,45 ,9,19,0,164,22,13
0 ,0 ,118 ,26 ,4 ,1 ,15 ,2 ,8 ,0 ,65 ,0 ,7 ,2 ,23 ,1 ,41 ,4 ,28 ,2,10,0,75,2,2
0 ,0 ,115 ,27 ,16 ,8 ,11 ,1 ,1 ,0 ,44 ,3 ,10 ,11 ,8 ,3 ,25 ,0 ,25 ,6,5,2,98,7,9
0 ,0 ,199 ,33 ,31 ,17 ,22 ,2 ,8 ,2 ,126 ,4 ,33 ,2 ,31 ,2 ,75 ,1 ,57 ,8,11,5,178,18,15
2 ,1 ,290 ,105 ,51 ,15 ,32 ,12 ,12 ,3 ,273 ,18 ,43 ,6 ,65 ,8 ,138 ,7 ,102 ,5,37,5,334,50,36
0 ,0 ,62 ,22 ,6 ,7 ,7 ,1 ,0 ,0 ,72 ,8 ,6 ,2 ,11 ,3 ,24 ,1 ,21 ,7,8,1,84,20,9
2 ,1 ,234 ,47 ,31 ,14 ,21 ,4 ,8 ,1 ,136 ,18 ,11 ,0 ,31 ,2 ,49 ,1 ,74 ,3,20,0,230,21,10
3 ,1 ,701 ,164 ,67 ,26 ,72 ,12 ,38 ,15 ,491 ,39 ,56 ,10 ,113 ,22 ,230 ,15 ,249 ,34,42,13,300,56,79
9 ,0 ,456 ,121 ,54 ,29 ,61 ,2 ,12 ,3 ,340 ,30 ,13 ,5 ,101 ,15 ,155 ,13 ,104 ,22,54,4,302,41,36
0 ,1 ,97 ,21 ,8 ,0 ,12 ,1 ,2 ,0 ,66 ,3 ,4 ,0 ,8 ,0 ,21 ,3 ,23 ,5,8,3,75,4,7
83 ,21 ,10719 ,2844 ,1060 ,382 ,1192 ,179 ,317 ,126 ,7846 ,630 ,914 ,138 ,1985 ,310 ,3930 ,247 ,3344 ,612,749,117,"7,913","1,158",822
3 ,1 ,275 ,60 ,42 ,25 ,33 ,4 ,3 ,1 ,187 ,13 ,23 ,7 ,59 ,3 ,69 ,7 ,96 ,15,6,6,219,27,21
0 ,0 ,97 ,13 ,3 ,0 ,10 ,1 ,1 ,1 ,59 ,2 ,10 ,1 ,14 ,3 ,25 ,0 ,26 ,3,8,0,109,15,22
3 ,0 ,126 ,26 ,10 ,0 ,14 ,1 ,2 ,0 ,104 ,8 ,8 ,0 ,22 ,2 ,32 ,0 ,41 ,2,9,0,84,6,11
2 ,2 ,274 ,48 ,12 ,8 ,17 ,2 ,4 ,1 ,206 ,8 ,8 ,0 ,41 ,2 ,95 ,2 ,107 ,10,26,4,181,22,15
2 ,0 ,137 ,39 ,3 ,1 ,37 ,3 ,3 ,3 ,198 ,8 ,19 ,2 ,43 ,8 ,76 ,6 ,57 ,8,8,0,74,9,6
1 ,0 ,137 ,14 ,5 ,0 ,8 ,1 ,4 ,0 ,111 ,1 ,2 ,0 ,27 ,0 ,32 ,1 ,41 ,6,9,1,125,17,2
1 ,0 ,181 ,44 ,7 ,1 ,11 ,6 ,2 ,2 ,171 ,22 ,7 ,1 ,51 ,10 ,54 ,6 ,66 ,10,18,3,101,22,14
3 ,1 ,209 ,45 ,21 ,1 ,23 ,3 ,4 ,0 ,135 ,8 ,16 ,1 ,43 ,8 ,63 ,4 ,61 ,8,7,1,196,15,6
1 ,1 ,135 ,16 ,6 ,2 ,19 ,0 ,2 ,2 ,91 ,4 ,9 ,2 ,11 ,1 ,38 ,0 ,37 ,3,9,0,104,7,9
1 ,0 ,118 ,26 ,3 ,0 ,17 ,3 ,0 ,1 ,112 ,11 ,4 ,0 ,30 ,3 ,14 ,0 ,25 ,7,12,0,104,10,3
1 ,0 ,82 ,16 ,6 ,1 ,4 ,0 ,0 ,0 ,44 ,4 ,10 ,0 ,10 ,4 ,38 ,3 ,20 ,5,7,1,93,10,2
6 ,1 ,255 ,61 ,48 ,25 ,24 ,8 ,3 ,6 ,154 ,8 ,24 ,4 ,57 ,6 ,114 ,6 ,45 ,5,11,3,235,26,12
0 ,0 ,75 ,15 ,2 ,0 ,9 ,0 ,2 ,0 ,78 ,2 ,10 ,1 ,16 ,0 ,38 ,0 ,16 ,2,2,0,83,4,7
3 ,2 ,605 ,118 ,82 ,35 ,49 ,6 ,27 ,8 ,250 ,13 ,28 ,2 ,83 ,10 ,107 ,3 ,192 ,13,58,3,360,58,12
0 ,0 ,106 ,31 ,10 ,2 ,15 ,1 ,8 ,0 ,102 ,6 ,6 ,2 ,20 ,2 ,34 ,6 ,32 ,3,5,0,84,8,8
3 ,0 ,293 ,50 ,38 ,8 ,34 ,3 ,4 ,0 ,226 ,13 ,13 ,3 ,68 ,3 ,68 ,8 ,64 ,6,15,5,245,26,20
0 ,0 ,201 ,50 ,16 ,2 ,20 ,2 ,3 ,0 ,164 ,21 ,16 ,2 ,24 ,6 ,72 ,2 ,50 ,10,11,2,160,53,14
0 ,0 ,224 ,35 ,22 ,11 ,30 ,2 ,6 ,5 ,176 ,6 ,9 ,1 ,54 ,3 ,54 ,2 ,85 ,5,8,2,121,19,4
5 ,0 ,319 ,96 ,18 ,5 ,36 ,5 ,4 ,4 ,168 ,20 ,28 ,1 ,64 ,8 ,87 ,5 ,78 ,16,25,2,194,20,21
4 ,0 ,274 ,60 ,22 ,2 ,43 ,4 ,12 ,1 ,256 ,15 ,13 ,2 ,53 ,7 ,49 ,3 ,99 ,10,33,6,249,38,11
0 ,0 ,178 ,34 ,25 ,12 ,24 ,2 ,1 ,0 ,95 ,5 ,9 ,3 ,33 ,9 ,39 ,5 ,44 ,9,12,0,121,23,15
2 ,0 ,126 ,30 ,3 ,0 ,14 ,0 ,1 ,0 ,95 ,5 ,11 ,1 ,39 ,1 ,39 ,5 ,58 ,7,11,2,146,37,34
2 ,2 ,342 ,55 ,25 ,10 ,28 ,4 ,10 ,0 ,245 ,7 ,21 ,8 ,67 ,6 ,206 ,3 ,85 ,11,18,1,245,32,15
20 ,9 ,1713 ,750 ,162 ,66 ,214 ,47 ,93 ,38 ,997 ,178 ,266 ,46 ,253 ,79 ,1075 ,97 ,473 ,185,112,34,997,192,216
0 ,0 ,182 ,22 ,12 ,1 ,14 ,0 ,5 ,1 ,165 ,9 ,22 ,1 ,30 ,7 ,50 ,1 ,81 ,6,10,1,104,6,10
0 ,0 ,120 ,30 ,8 ,1 ,15 ,1 ,3 ,7 ,65 ,4 ,7 ,1 ,20 ,6 ,35 ,1 ,34 ,5,4,0,109,15,16
1 ,0 ,241 ,96 ,28 ,11 ,40 ,6 ,7 ,2 ,303 ,18 ,14 ,1 ,62 ,13 ,65 ,4 ,153 ,21,9,1,234,36,12
0 ,0 ,168 ,42 ,23 ,6 ,24 ,4 ,1 ,0 ,115 ,5 ,11 ,2 ,33 ,6 ,29 ,0 ,63 ,4,11,2,124,8,5
2 ,0 ,147 ,36 ,9 ,1 ,17 ,6 ,1 ,0 ,116 ,17 ,16 ,2 ,28 ,3 ,43 ,3 ,58 ,7,15,1,109,12,4
1 ,2 ,259 ,62 ,41 ,14 ,23 ,5 ,4 ,2 ,218 ,26 ,9 ,0 ,51 ,12 ,108 ,11 ,87 ,14,23,2,180,15,38
1 ,0 ,367 ,110 ,37 ,8 ,37 ,3 ,9 ,5 ,278 ,14 ,24 ,5 ,71 ,10 ,159 ,6 ,128 ,16,19,3,229,61,14
1 ,0 ,230 ,62 ,11 ,1 ,33 ,6 ,5 ,5 ,255 ,16 ,6 ,1 ,61 ,10 ,60 ,1 ,100 ,7,15,0,208,21,17
1 ,0 ,201 ,60 ,37 ,7 ,24 ,5 ,1 ,0 ,160 ,13 ,13 ,8 ,40 ,5 ,77 ,6 ,69 ,12,18,0,166,34,13
1 ,0 ,106 ,18 ,6 ,0 ,7 ,0 ,2 ,1 ,64 ,1 ,14 ,2 ,27 ,1 ,34 ,1 ,35 ,7,7,1,73,7,8
1 ,0 ,124 ,33 ,20 ,3 ,10 ,1 ,0 ,0 ,50 ,6 ,26 ,2 ,12 ,2 ,36 ,0 ,25 ,2,10,2,96,10,5
0 ,0 ,206 ,46 ,32 ,13 ,29 ,2 ,4 ,0 ,151 ,5 ,18 ,1 ,32 ,5 ,82 ,5 ,53 ,11,10,3,216,16,17
2 ,0 ,315 ,133 ,44 ,33 ,26 ,7 ,9 ,4 ,211 ,19 ,29 ,2 ,58 ,9 ,106 ,5 ,108 ,31,25,8,297,49,31
2 ,0 ,86 ,16 ,4 ,2 ,9 ,0 ,1 ,0 ,78 ,5 ,1 ,0 ,21 ,5 ,30 ,2 ,26 ,6,8,1,115,12,4
1 ,0 ,214 ,44 ,23 ,12 ,15 ,3 ,3 ,0 ,170 ,6 ,14 ,3 ,26 ,10 ,72 ,7 ,77 ,24,14,3,229,27,6
4 ,0 ,686 ,168 ,62 ,26 ,57 ,7 ,41 ,19 ,589 ,50 ,74 ,13 ,102 ,8 ,218 ,12 ,200 ,57,64,8,385,51,81
1 ,0 ,484 ,118 ,63 ,26 ,66 ,13 ,18 ,7 ,370 ,26 ,33 ,3 ,109 ,13 ,166 ,8 ,113 ,21,41,5,330,71,38
1 ,0 ,101 ,16 ,9 ,0 ,13 ,2 ,4 ,0 ,64 ,2 ,13 ,1 ,20 ,1 ,42 ,0 ,36 ,2,6,0,79,11,3
125 ,25 ,10140 ,2622 ,1026 ,349 ,1183 ,178 ,378 ,92 ,6102 ,515 ,860 ,124 ,1862 ,238 ,3573 ,254 ,3076 ,520,740,108,"6,743","1,257",825
4 ,2 ,275 ,73 ,70 ,22 ,34 ,7 ,4 ,1 ,153 ,10 ,26 ,2 ,55 ,4 ,72 ,6 ,84 ,11,11,2,166,31,19
0 ,0 ,94 ,22 ,5 ,1 ,14 ,3 ,13 ,2 ,59 ,1 ,9 ,1 ,19 ,0 ,33 ,3 ,19 ,6,5,0,82,29,21
3 ,0 ,108 ,20 ,10 ,0 ,11 ,1 ,2 ,2 ,60 ,7 ,8 ,0 ,23 ,1 ,22 ,3 ,23 ,11,6,0,81,4,19
2 ,0 ,250 ,66 ,25 ,5 ,22 ,2 ,6 ,0 ,111 ,7 ,17 ,3 ,39 ,3 ,83 ,3 ,109 ,9,10,0,199,35,14
0 ,0 ,138 ,43 ,7 ,1 ,33 ,2 ,2 ,1 ,200 ,16 ,8 ,0 ,38 ,4 ,49 ,5 ,62 ,10,12,3,76,11,6
2 ,0 ,95 ,13 ,2 ,2 ,6 ,1 ,2 ,0 ,71 ,3 ,3 ,0 ,18 ,0 ,29 ,3 ,37 ,2,7,1,74,8,2
1 ,0 ,160 ,34 ,8 ,2 ,21 ,0 ,1 ,0 ,124 ,11 ,11 ,1 ,43 ,4 ,44 ,4 ,50 ,11,4,2,106,17,10
4 ,0 ,208 ,35 ,10 ,4 ,15 ,0 ,7 ,1 ,102 ,3 ,16 ,3 ,42 ,2 ,66 ,1 ,72 ,5,8,0,165,23,19
0 ,0 ,137 ,28 ,8 ,3 ,12 ,1 ,3 ,0 ,46 ,7 ,6 ,2 ,28 ,3 ,32 ,0 ,42 ,5,5,0,79,12,24
0 ,0 ,115 ,25 ,5 ,0 ,16 ,4 ,1 ,0 ,100 ,9 ,10 ,0 ,25 ,6 ,16 ,2 ,43 ,5,1,1,89,9,11
1 ,1 ,70 ,12 ,3 ,5 ,6 ,1 ,0 ,0 ,40 ,1 ,2 ,1 ,13 ,3 ,23 ,3 ,14 ,7,5,1,61,8,15
1 ,2 ,223 ,61 ,38 ,17 ,31 ,8 ,10 ,1 ,125 ,8 ,18 ,2 ,43 ,9 ,58 ,4 ,46 ,11,14,2,190,30,19
4 ,1 ,89 ,17 ,2 ,0 ,22 ,5 ,2 ,0 ,58 ,3 ,7 ,0 ,9 ,1 ,25 ,0 ,10 ,3,3,0,60,5,4
5 ,1 ,505 ,119 ,80 ,33 ,54 ,14 ,27 ,8 ,172 ,13 ,22 ,4 ,86 ,10 ,96 ,13 ,164 ,17,35,5,278,54,30
3 ,0 ,94 ,22 ,8 ,2 ,15 ,0 ,3 ,0 ,84 ,3 ,3 ,1 ,21 ,3 ,45 ,3 ,38 ,1,9,0,60,9,8
1 ,1 ,310 ,63 ,23 ,6 ,27 ,3 ,10 ,1 ,210 ,10 ,21 ,2 ,51 ,6 ,70 ,4 ,67 ,7,8,7,174,28,22
2 ,1 ,186 ,52 ,11 ,1 ,22 ,4 ,4 ,3 ,166 ,11 ,32 ,5 ,28 ,6 ,64 ,7 ,55 ,12,15,0,130,31,16
0 ,0 ,148 ,36 ,15 ,5 ,24 ,7 ,9 ,3 ,119 ,6 ,10 ,2 ,40 ,5 ,61 ,3 ,49 ,12,8,2,90,14,11
4 ,0 ,328 ,73 ,29 ,10 ,35 ,5 ,4 ,1 ,127 ,17 ,30 ,8 ,56 ,12 ,72 ,5 ,56 ,7,26,5,149,12,23
3 ,0 ,269 ,61 ,26 ,5 ,50 ,5 ,13 ,0 ,216 ,14 ,23 ,2 ,67 ,11 ,96 ,5 ,128 ,11,17,4,276,56,11
0 ,0 ,180 ,19 ,28 ,10 ,27 ,0 ,6 ,0 ,64 ,9 ,14 ,4 ,41 ,0 ,31 ,2 ,44 ,4,9,2,96,24,5
2 ,0 ,131 ,29 ,6 ,0 ,14 ,0 ,3 ,1 ,109 ,10 ,8 ,1 ,32 ,4 ,32 ,2 ,45 ,5,16,0,104,34,10
2 ,0 ,306 ,69 ,39 ,11 ,20 ,2 ,6 ,0 ,155 ,12 ,14 ,3 ,58 ,5 ,147 ,6 ,61 ,10,15,1,236,48,15
15 ,8 ,1612 ,567 ,139 ,54 ,180 ,31 ,82 ,15 ,711 ,110 ,203 ,39 ,241 ,54 ,922 ,81 ,447 ,116,178,30,925,291,193
1 ,0 ,163 ,37 ,14 ,0 ,10 ,1 ,7 ,0 ,99 ,9 ,9 ,0 ,32 ,1 ,60 ,2 ,92 ,5,11,1,113,10,6
4 ,0 ,86 ,39 ,3 ,1 ,9 ,0 ,7 ,2 ,54 ,4 ,15 ,3 ,8 ,1 ,22 ,0 ,26 ,2,11,1,78,10,8
2 ,0 ,246 ,83 ,50 ,12 ,55 ,16 ,12 ,4 ,267 ,26 ,23 ,5 ,61 ,8 ,69 ,5 ,107 ,31,20,1,216,42,36
6 ,1 ,151 ,21 ,9 ,2 ,17 ,1 ,4 ,0 ,93 ,6 ,10 ,2 ,29 ,4 ,59 ,2 ,71 ,4,6,2,116,11,4
3 ,1 ,113 ,23 ,8 ,0 ,19 ,1 ,1 ,2 ,99 ,6 ,6 ,2 ,27 ,2 ,26 ,1 ,55 ,4,7,2,85,13,8
1 ,0 ,237 ,70 ,33 ,17 ,17 ,2 ,15 ,3 ,196 ,14 ,21 ,4 ,50 ,7 ,100 ,10 ,87 ,18,20,1,149,18,9
4 ,1 ,325 ,104 ,36 ,10 ,42 ,10 ,10 ,6 ,255 ,18 ,12 ,3 ,65 ,5 ,174 ,9 ,128 ,13,29,4,203,39,15
3 ,1 ,226 ,65 ,7 ,2 ,42 ,1 ,13 ,6 ,200 ,6 ,22 ,0 ,63 ,8 ,61 ,2 ,83 ,12,8,0,152,13,19
3 ,0 ,185 ,43 ,16 ,8 ,25 ,3 ,7 ,2 ,122 ,9 ,15 ,2 ,31 ,4 ,72 ,3 ,51 ,8,13,0,119,21,15
1 ,0 ,99 ,23 ,8 ,0 ,12 ,0 ,0 ,0 ,40 ,4 ,11 ,1 ,23 ,1 ,47 ,5 ,28 ,6,2,1,75,8,1
0 ,0 ,118 ,34 ,20 ,5 ,19 ,0 ,2 ,0 ,51 ,3 ,17 ,0 ,18 ,1 ,43 ,2 ,28 ,1,10,0,109,12,11
0 ,0 ,239 ,56 ,26 ,9 ,13 ,5 ,7 ,0 ,73 ,4 ,13 ,0 ,33 ,2 ,67 ,1 ,46 ,11,11,3,181,25,7
2 ,0 ,353 ,116 ,31 ,8 ,42 ,9 ,10 ,12 ,246 ,22 ,45 ,3 ,57 ,6 ,121 ,11 ,77 ,25,25,8,306,38,33
0 ,0 ,90 ,14 ,10 ,5 ,18 ,0 ,3 ,0 ,51 ,6 ,13 ,0 ,10 ,1 ,18 ,1 ,26 ,8,5,0,58,28,9
3 ,0 ,207 ,50 ,25 ,14 ,12 ,0 ,3 ,1 ,126 ,13 ,16 ,0 ,33 ,3 ,65 ,2 ,66 ,10,10,0,195,38,8
17 ,3 ,688 ,145 ,69 ,27 ,63 ,12 ,39 ,11 ,459 ,42 ,59 ,9 ,95 ,13 ,213 ,18 ,219 ,41,71,12,298,50,74
16 ,1 ,490 ,127 ,56 ,27 ,49 ,10 ,12 ,2 ,227 ,17 ,26 ,4 ,94 ,15 ,139 ,12 ,97 ,21,42,4,284,53,33
0 ,0 ,93 ,13 ,8 ,3 ,8 ,1 ,6 ,1 ,62 ,5 ,6 ,0 ,17 ,0 ,29 ,0 ,24 ,2,12,0,60,5,2
103 ,23 ,11278 ,3096 ,1126 ,387 ,1270 ,226 ,387 ,87 ,8137 ,646 ,1062 ,150 ,1928 ,343 ,4375 ,278 ,3336 ,556,796,110,"7,982","1,153",956
0 ,0 ,299 ,87 ,51 ,13 ,23 ,12 ,0 ,0 ,217 ,13 ,22 ,5 ,51 ,12 ,95 ,7 ,55 ,16,19,4,208,33,23
0 ,0 ,88 ,26 ,6 ,1 ,11 ,2 ,5 ,2 ,89 ,12 ,11 ,1 ,14 ,6 ,42 ,0 ,32 ,5,10,1,96,23,19
1 ,0 ,156 ,47 ,18 ,4 ,14 ,3 ,4 ,1 ,121 ,7 ,15 ,1 ,27 ,4 ,44 ,1 ,47 ,5,14,4,104,13,8
1 ,1 ,251 ,54 ,17 ,9 ,22 ,5 ,1 ,0 ,174 ,7 ,20 ,4 ,43 ,7 ,89 ,7 ,119 ,6,25,2,222,26,7
0 ,0 ,140 ,43 ,10 ,3 ,31 ,4 ,4 ,0 ,212 ,17 ,10 ,0 ,33 ,8 ,71 ,4 ,49 ,9,7,1,92,4,11
3 ,0 ,139 ,19 ,5 ,2 ,6 ,1 ,1 ,0 ,88 ,4 ,2 ,0 ,23 ,6 ,33 ,2 ,42 ,2,2,1,86,11,1
0 ,0 ,158 ,28 ,5 ,0 ,18 ,4 ,11 ,1 ,127 ,17 ,15 ,2 ,39 ,4 ,50 ,5 ,48 ,7,11,0,95,13,11
2 ,0 ,207 ,38 ,14 ,2 ,27 ,0 ,5 ,0 ,114 ,5 ,15 ,2 ,45 ,5 ,79 ,3 ,77 ,12,6,1,177,39,5
0 ,0 ,141 ,26 ,9 ,3 ,6 ,2 ,2 ,0 ,106 ,6 ,6 ,2 ,26 ,7 ,50 ,3 ,43 ,3,10,0,111,9,9
1 ,0 ,147 ,29 ,4 ,1 ,22 ,1 ,0 ,2 ,135 ,6 ,10 ,0 ,18 ,4 ,20 ,0 ,32 ,11,5,1,85,10,7
0 ,0 ,81 ,15 ,8 ,2 ,10 ,3 ,1 ,0 ,31 ,1 ,4 ,1 ,21 ,1 ,37 ,1 ,20 ,5,6,0,63,6,1
5 ,0 ,271 ,74 ,52 ,17 ,39 ,10 ,6 ,0 ,170 ,15 ,13 ,3 ,44 ,10 ,116 ,8 ,68 ,7,8,4,203,20,14
2 ,0 ,60 ,17 ,6 ,0 ,18 ,6 ,2 ,1 ,81 ,0 ,9 ,0 ,16 ,5 ,22 ,0 ,14 ,3,2,1,66,3,5
6 ,0 ,631 ,137 ,95 ,40 ,83 ,8 ,28 ,4 ,241 ,15 ,82 ,14 ,85 ,7 ,135 ,9 ,165 ,21,41,3,392,71,27
1 ,0 ,105 ,25 ,16 ,3 ,7 ,1 ,3 ,7 ,107 ,8 ,8 ,0 ,26 ,5 ,68 ,3 ,24 ,2,6,1,85,20,4
1 ,1 ,278 ,56 ,33 ,7 ,28 ,1 ,2 ,1 ,219 ,10 ,16 ,3 ,56 ,3 ,84 ,3 ,62 ,9,10,1,216,17,13
1 ,0 ,206 ,67 ,8 ,3 ,19 ,5 ,12 ,3 ,220 ,17 ,30 ,4 ,24 ,7 ,101 ,3 ,45 ,9,12,1,135,32,13
0 ,0 ,244 ,41 ,24 ,17 ,25 ,5 ,5 ,1 ,180 ,4 ,11 ,1 ,50 ,3 ,69 ,3 ,65 ,8,15,0,116,14,7
7 ,1 ,317 ,107 ,29 ,6 ,27 ,2 ,5 ,1 ,196 ,13 ,29 ,2 ,62 ,6 ,92 ,5 ,69 ,11,33,2,189,13,22
1 ,0 ,274 ,72 ,28 ,3 ,45 ,4 ,15 ,1 ,249 ,26 ,22 ,1 ,54 ,11 ,73 ,2 ,81 ,8,29,4,289,49,14
6 ,1 ,170 ,41 ,28 ,9 ,28 ,4 ,5 ,7 ,105 ,4 ,27 ,1 ,20 ,3 ,46 ,4 ,44 ,9,17,1,129,24,16
4 ,0 ,152 ,27 ,5 ,0 ,19 ,1 ,0 ,0 ,107 ,9 ,10 ,0 ,34 ,4 ,34 ,3 ,49 ,9,5,0,120,34,3
3 ,2 ,314 ,84 ,33 ,10 ,30 ,4 ,10 ,3 ,241 ,2 ,35 ,4 ,57 ,8 ,209 ,11 ,99 ,12,20,1,307,57,13
20 ,8 ,1904 ,751 ,144 ,55 ,213 ,52 ,106 ,26 ,1099 ,200 ,299 ,48 ,278 ,59 ,1107 ,101 ,518 ,181,151,36,"1,046",146,419
0 ,1 ,198 ,27 ,14 ,2 ,17 ,0 ,4 ,0 ,168 ,10 ,5 ,0 ,44 ,6 ,87 ,3 ,96 ,9,21,0,122,8,8
2 ,1 ,135 ,20 ,8 ,3 ,15 ,1 ,8 ,1 ,80 ,3 ,13 ,1 ,22 ,4 ,33 ,4 ,32 ,4,11,0,107,19,12
6 ,3 ,312 ,118 ,49 ,24 ,48 ,8 ,6 ,0 ,397 ,35 ,32 ,4 ,58 ,13 ,75 ,9 ,168 ,26,18,4,229,45,16
0 ,0 ,142 ,30 ,20 ,2 ,11 ,2 ,2 ,2 ,102 ,3 ,4 ,1 ,30 ,9 ,28 ,1 ,66 ,5,8,2,117,16,6
1 ,0 ,132 ,28 ,5 ,2 ,14 ,6 ,3 ,0 ,104 ,9 ,18 ,4 ,31 ,5 ,43 ,1 ,43 ,5,15,3,123,14,6
1 ,0 ,263 ,70 ,43 ,14 ,38 ,4 ,11 ,4 ,175 ,8 ,16 ,5 ,51 ,19 ,119 ,15 ,79 ,9,22,5,158,25,24
2 ,2 ,338 ,131 ,32 ,14 ,32 ,6 ,12 ,2 ,262 ,18 ,21 ,4 ,57 ,11 ,157 ,4 ,97 ,12,20,2,264,48,18
2 ,0 ,235 ,69 ,14 ,3 ,30 ,7 ,10 ,2 ,289 ,9 ,16 ,2 ,56 ,10 ,86 ,6 ,98 ,9,9,12,169,11,15
0 ,0 ,239 ,51 ,19 ,10 ,37 ,4 ,7 ,0 ,157 ,20 ,8 ,5 ,41 ,10 ,85 ,2 ,68 ,9,23,0,150,13,11
0 ,0 ,122 ,22 ,10 ,1 ,6 ,0 ,1 ,0 ,64 ,4 ,13 ,1 ,22 ,5 ,50 ,2 ,27 ,1,5,0,87,5,3
0 ,0 ,123 ,26 ,18 ,4 ,7 ,0 ,2 ,0 ,66 ,6 ,19 ,6 ,18 ,2 ,36 ,1 ,36 ,5,12,1,106,16,8
1 ,0 ,238 ,42 ,30 ,16 ,19 ,6 ,3 ,1 ,109 ,10 ,13 ,2 ,34 ,2 ,88 ,6 ,39 ,5,11,1,216,14,21
4 ,0 ,384 ,155 ,47 ,13 ,33 ,10 ,7 ,0 ,333 ,30 ,34 ,1 ,78 ,18 ,157 ,5 ,128 ,25,38,2,367,81,29
0 ,0 ,97 ,23 ,8 ,7 ,9 ,1 ,3 ,0 ,66 ,5 ,5 ,2 ,15 ,4 ,30 ,1 ,17 ,5,5,0,91,14,9
0 ,0 ,231 ,54 ,24 ,6 ,31 ,5 ,4 ,1 ,178 ,12 ,17 ,3 ,35 ,5 ,79 ,3 ,82 ,10,16,1,268,33,8
9 ,1 ,746 ,176 ,71 ,32 ,75 ,18 ,50 ,10 ,566 ,27 ,62 ,9 ,95 ,10 ,274 ,22 ,243 ,30,63,5,349,62,52
9 ,1 ,511 ,124 ,58 ,22 ,69 ,7 ,19 ,2 ,325 ,15 ,35 ,1 ,75 ,14 ,143 ,5 ,123 ,13,28,2,329,37,37
1 ,0 ,99 ,19 ,8 ,2 ,8 ,1 ,2 ,1 ,67 ,4 ,10 ,0 ,20 ,1 ,39 ,0 ,27 ,4,7,0,98,5,1
112 ,32 ,10282 ,2799 ,967 ,333 ,1192 ,159 ,359 ,75 ,6467 ,514 ,901 ,138 ,1765 ,306 ,3645 ,251 ,3208 ,516,749,111,"7,252","1,251",873
4 ,1 ,291 ,75 ,36 ,11 ,30 ,2 ,9 ,2 ,140 ,8 ,25 ,7 ,58 ,15 ,94 ,6 ,84 ,13,26,2,201,15,34
1 ,0 ,90 ,29 ,6 ,0 ,11 ,1 ,2 ,0 ,53 ,10 ,10 ,2 ,16 ,5 ,25 ,3 ,23 ,9,7,1,87,32,17
0 ,0 ,124 ,26 ,11 ,1 ,24 ,0 ,14 ,2 ,79 ,6 ,7 ,0 ,16 ,4 ,25 ,0 ,24 ,4,2,0,88,5,5
0 ,0 ,292 ,67 ,18 ,7 ,11 ,2 ,6 ,2 ,186 ,11 ,19 ,4 ,37 ,3 ,99 ,3 ,105 ,9,23,3,266,42,8
0 ,0 ,134 ,30 ,8 ,0 ,35 ,4 ,6 ,0 ,228 ,7 ,12 ,2 ,30 ,9 ,55 ,3 ,56 ,8,16,1,90,10,7
1 ,0 ,107 ,16 ,3 ,1 ,6 ,3 ,0 ,0 ,75 ,2 ,6 ,1 ,19 ,3 ,26 ,1 ,37 ,1,2,1,77,7,2
1 ,0 ,184 ,45 ,7 ,0 ,14 ,3 ,8 ,1 ,124 ,14 ,18 ,1 ,46 ,7 ,55 ,1 ,48 ,4,22,0,120,23,15
4 ,1 ,217 ,31 ,9 ,2 ,28 ,2 ,5 ,1 ,98 ,5 ,11 ,1 ,37 ,4 ,56 ,0 ,66 ,5,5,1,189,22,12
0 ,1 ,139 ,19 ,11 ,6 ,13 ,1 ,2 ,1 ,84 ,5 ,14 ,1 ,23 ,2 ,36 ,1 ,50 ,5,11,2,132,16,13
1 ,0 ,114 ,21 ,3 ,1 ,19 ,6 ,3 ,0 ,94 ,5 ,8 ,0 ,10 ,6 ,14 ,0 ,35 ,6,6,1,97,6,5
0 ,0 ,86 ,19 ,8 ,3 ,5 ,1 ,0 ,0 ,42 ,2 ,1 ,0 ,17 ,3 ,27 ,1 ,20 ,5,3,1,63,10,9
2 ,2 ,216 ,77 ,26 ,20 ,35 ,4 ,8 ,0 ,115 ,7 ,15 ,6 ,48 ,6 ,71 ,2 ,56 ,5,10,3,207,58,22
1 ,0 ,71 ,19 ,5 ,0 ,11 ,1 ,2 ,1 ,57 ,4 ,8 ,1 ,18 ,4 ,34 ,2 ,14 ,1,3,1,55,3,8
7 ,1 ,476 ,131 ,75 ,27 ,61 ,2 ,12 ,1 ,171 ,13 ,22 ,3 ,75 ,8 ,97 ,7 ,144 ,12,22,5,275,63,31
1 ,0 ,103 ,27 ,6 ,3 ,18 ,3 ,1 ,0 ,74 ,10 ,5 ,1 ,14 ,8 ,48 ,2 ,18 ,5,10,1,73,14,1
4 ,0 ,302 ,62 ,41 ,3 ,25 ,2 ,5 ,0 ,228 ,13 ,18 ,2 ,42 ,2 ,74 ,6 ,66 ,11,12,3,200,20,17
0 ,1 ,142 ,47 ,9 ,1 ,13 ,5 ,8 ,5 ,152 ,5 ,24 ,2 ,18 ,3 ,62 ,6 ,41 ,8,8,2,135,26,18
1 ,0 ,188 ,36 ,8 ,4 ,29 ,0 ,6 ,1 ,146 ,7 ,10 ,2 ,48 ,9 ,37 ,2 ,68 ,5,7,1,90,16,14
10 ,7 ,359 ,68 ,35 ,6 ,20 ,2 ,9 ,0 ,142 ,12 ,40 ,5 ,53 ,14 ,101 ,5 ,56 ,22,32,4,173,14,32
3 ,0 ,285 ,79 ,13 ,2 ,44 ,8 ,13 ,4 ,250 ,11 ,24 ,0 ,74 ,11 ,59 ,7 ,102 ,17,16,0,265,57,18
2 ,0 ,178 ,44 ,24 ,12 ,27 ,1 ,8 ,0 ,107 ,6 ,19 ,0 ,36 ,9 ,61 ,5 ,55 ,7,9,1,111,26,22
1 ,0 ,146 ,24 ,6 ,1 ,16 ,1 ,1 ,3 ,122 ,10 ,7 ,2 ,17 ,2 ,44 ,3 ,46 ,5,11,4,155,49,7
2 ,1 ,322 ,88 ,20 ,4 ,27 ,4 ,1 ,1 ,171 ,12 ,21 ,2 ,66 ,9 ,182 ,13 ,114 ,15,27,6,304,51,21
25 ,11 ,1530 ,641 ,159 ,74 ,190 ,39 ,82 ,23 ,766 ,138 ,226 ,36 ,215 ,49 ,939 ,83 ,431 ,141,178,25,959,312,240
0 ,0 ,183 ,27 ,13 ,1 ,15 ,2 ,1 ,0 ,121 ,4 ,14 ,1 ,32 ,6 ,48 ,2 ,83 ,9,5,2,129,8,6
1 ,0 ,135 ,30 ,5 ,0 ,9 ,2 ,4 ,2 ,58 ,7 ,6 ,3 ,29 ,2 ,22 ,1 ,30 ,0,7,1,103,12,18
1 ,2 ,260 ,104 ,36 ,25 ,44 ,13 ,11 ,0 ,244 ,22 ,18 ,4 ,53 ,10 ,73 ,8 ,158 ,30,18,6,173,34,15
6 ,0 ,148 ,25 ,9 ,5 ,13 ,0 ,2 ,0 ,90 ,2 ,8 ,3 ,26 ,3 ,46 ,0 ,49 ,4,3,0,109,14,10
0 ,1 ,100 ,29 ,6 ,2 ,15 ,2 ,1 ,1 ,92 ,8 ,9 ,0 ,20 ,10 ,25 ,3 ,37 ,5,10,0,78,13,8
6 ,0 ,274 ,59 ,40 ,14 ,27 ,4 ,6 ,2 ,160 ,10 ,14 ,3 ,36 ,5 ,102 ,11 ,101 ,10,21,4,159,10,18
1 ,0 ,354 ,100 ,25 ,5 ,28 ,5 ,2 ,3 ,235 ,18 ,21 ,2 ,72 ,6 ,133 ,7 ,129 ,10,24,5,243,23,11
0 ,0 ,233 ,58 ,13 ,1 ,47 ,5 ,10 ,1 ,195 ,13 ,20 ,3 ,52 ,12 ,79 ,2 ,93 ,7,16,0,157,13,29
4 ,0 ,201 ,63 ,22 ,2 ,16 ,3 ,2 ,2 ,138 ,11 ,7 ,1 ,43 ,7 ,66 ,3 ,42 ,5,25,0,144,22,15
0 ,0 ,139 ,18 ,12 ,1 ,13 ,0 ,2 ,0 ,51 ,1 ,2 ,0 ,17 ,1 ,45 ,4 ,35 ,3,10,2,100,10,4
0 ,0 ,129 ,31 ,15 ,4 ,9 ,1 ,4 ,0 ,65 ,2 ,21 ,7 ,18 ,1 ,36 ,2 ,25 ,2,8,0,132,20,15
0 ,0 ,223 ,65 ,20 ,10 ,31 ,2 ,5 ,2 ,98 ,10 ,22 ,6 ,34 ,7 ,57 ,8 ,48 ,8,15,1,176,20,28
0 ,0 ,339 ,82 ,45 ,16 ,52 ,6 ,11 ,5 ,202 ,19 ,36 ,9 ,57 ,7 ,137 ,8 ,106 ,22,16,2,283,44,12
1 ,0 ,59 ,23 ,9 ,4 ,10 ,1 ,5 ,0 ,46 ,0 ,7 ,0 ,10 ,0 ,10 ,0 ,20 ,3,4,0,65,11,9
1 ,1 ,197 ,50 ,15 ,8 ,20 ,3 ,2 ,3 ,134 ,9 ,18 ,1 ,27 ,5 ,46 ,4 ,64 ,6,7,2,174,30,18
9 ,0 ,669 ,143 ,62 ,15 ,69 ,8 ,55 ,5 ,500 ,36 ,68 ,9 ,98 ,14 ,235 ,16 ,256 ,48,42,4,298,32,48
10 ,2 ,455 ,152 ,67 ,29 ,54 ,3 ,24 ,1 ,251 ,15 ,32 ,4 ,91 ,12 ,149 ,10 ,150 ,16,47,11,236,32,24
1 ,0 ,88 ,19 ,6 ,2 ,8 ,2 ,1 ,0 ,83 ,4 ,8 ,1 ,17 ,3 ,15 ,0 ,23 ,5,3,2,81,6,7
105 ,22 ,9580 ,2581 ,1043 ,370 ,1161 ,156 ,302 ,105 ,6391 ,526 ,874 ,129 ,1694 ,255 ,3583 ,216 ,3081 ,487,747,112,"7,287","1,204",902
2 ,0 ,277 ,59 ,54 ,23 ,21 ,4 ,9 ,1 ,150 ,12 ,21 ,3 ,57 ,8 ,110 ,5 ,70 ,11,8,1,180,28,35
1 ,0 ,76 ,42 ,4 ,0 ,10 ,1 ,9 ,3 ,74 ,15 ,10 ,2 ,23 ,2 ,36 ,1 ,25 ,12,8,1,79,23,19
4 ,1 ,128 ,33 ,11 ,1 ,13 ,2 ,6 ,5 ,73 ,2 ,17 ,1 ,26 ,4 ,22 ,2 ,19 ,6,4,1,78,14,7
1 ,0 ,205 ,46 ,23 ,12 ,19 ,3 ,3 ,0 ,157 ,5 ,22 ,5 ,25 ,4 ,71 ,2 ,107 ,4,15,2,221,29,12
4 ,0 ,104 ,42 ,11 ,1 ,35 ,7 ,3 ,5 ,200 ,7 ,10 ,2 ,26 ,3 ,40 ,4 ,48 ,12,9,0,73,7,10
0 ,0 ,118 ,12 ,5 ,0 ,6 ,2 ,0 ,0 ,69 ,0 ,3 ,0 ,24 ,3 ,37 ,0 ,41 ,2,7,2,74,10,1
1 ,0 ,174 ,64 ,9 ,1 ,17 ,4 ,5 ,0 ,130 ,14 ,12 ,2 ,31 ,6 ,46 ,3 ,48 ,8,12,2,135,24,9
3 ,1 ,190 ,37 ,12 ,0 ,30 ,0 ,8 ,0 ,130 ,10 ,12 ,0 ,41 ,3 ,59 ,3 ,71 ,11,11,4,205,28,7
2 ,0 ,156 ,19 ,9 ,2 ,10 ,2 ,0 ,1 ,78 ,4 ,11 ,2 ,19 ,5 ,51 ,3 ,44 ,2,12,0,118,13,11
2 ,1 ,109 ,20 ,7 ,1 ,13 ,3 ,2 ,2 ,123 ,7 ,11 ,1 ,25 ,6 ,12 ,4 ,20 ,13,8,0,79,5,8
1 ,0 ,65 ,18 ,12 ,2 ,7 ,0 ,0 ,1 ,33 ,4 ,4 ,2 ,16 ,2 ,19 ,2 ,22 ,0,2,0,88,6,1
6 ,0 ,259 ,60 ,47 ,20 ,30 ,1 ,3 ,2 ,122 ,11 ,19 ,4 ,50 ,6 ,71 ,7 ,39 ,8,10,3,198,38,21
1 ,0 ,69 ,23 ,6 ,0 ,9 ,4 ,0 ,0 ,60 ,3 ,5 ,0 ,12 ,3 ,38 ,4 ,20 ,2,3,0,61,7,11
10 ,0 ,472 ,131 ,73 ,30 ,58 ,4 ,24 ,2 ,144 ,15 ,20 ,7 ,90 ,12 ,65 ,2 ,141 ,10,39,7,294,47,37
0 ,2 ,87 ,16 ,6 ,4 ,16 ,3 ,5 ,0 ,75 ,6 ,6 ,0 ,20 ,5 ,21 ,6 ,30 ,8,4,0,116,14,1
0 ,0 ,307 ,68 ,25 ,4 ,31 ,4 ,8 ,0 ,229 ,11 ,26 ,7 ,39 ,4 ,64 ,1 ,80 ,17,17,4,228,16,30
1 ,0 ,169 ,30 ,6 ,1 ,23 ,4 ,16 ,2 ,141 ,12 ,29 ,0 ,31 ,2 ,76 ,4 ,35 ,6,9,0,136,19,16
0 ,0 ,187 ,28 ,7 ,5 ,45 ,2 ,7 ,0 ,131 ,12 ,14 ,2 ,35 ,3 ,40 ,3 ,55 ,2,11,1,107,13,9
8 ,1 ,253 ,67 ,34 ,7 ,46 ,2 ,2 ,1 ,142 ,21 ,29 ,0 ,48 ,7 ,72 ,1 ,76 ,6,21,4,164,22,51
4 ,0 ,273 ,76 ,13 ,1 ,43 ,6 ,6 ,3 ,256 ,10 ,14 ,1 ,71 ,7 ,63 ,1 ,103 ,13,21,0,287,45,9
4 ,0 ,144 ,41 ,33 ,11 ,22 ,2 ,4 ,1 ,75 ,11 ,12 ,1 ,23 ,3 ,38 ,2 ,42 ,9,11,2,119,31,4
0 ,0 ,140 ,18 ,6 ,0 ,16 ,2 ,2 ,1 ,121 ,13 ,11 ,1 ,23 ,5 ,45 ,0 ,29 ,7,9,1,135,26,11
2 ,0 ,240 ,60 ,20 ,5 ,17 ,2 ,2 ,2 ,158 ,4 ,16 ,1 ,43 ,6 ,173 ,11 ,85 ,10,33,2,240,57,17
13 ,8 ,1373 ,578 ,136 ,91 ,160 ,42 ,59 ,33 ,741 ,138 ,226 ,37 ,196 ,40 ,960 ,79 ,460 ,122,199,39,"1,075",349,229
0 ,0 ,161 ,23 ,14 ,1 ,12 ,0 ,0 ,1 ,104 ,4 ,11 ,0 ,40 ,2 ,69 ,1 ,66 ,7,12,1,118,9,9
0 ,1 ,126 ,18 ,11 ,0 ,17 ,1 ,2 ,1 ,57 ,5 ,15 ,0 ,20 ,1 ,38 ,3 ,17 ,2,11,0,97,11,15
2 ,0 ,297 ,114 ,51 ,16 ,39 ,6 ,4 ,0 ,209 ,16 ,41 ,11 ,67 ,12 ,69 ,6 ,164 ,35,17,5,186,37,18
1 ,0 ,165 ,31 ,17 ,3 ,12 ,5 ,1 ,1 ,77 ,2 ,5 ,0 ,24 ,3 ,50 ,0 ,57 ,5,6,0,119,8,11
1 ,2 ,131 ,22 ,12 ,1 ,19 ,0 ,3 ,0 ,101 ,5 ,3 ,1 ,25 ,1 ,32 ,2 ,47 ,5,7,5,94,13,6
3 ,1 ,221 ,54 ,47 ,13 ,20 ,3 ,13 ,4 ,172 ,17 ,13 ,1 ,39 ,6 ,116 ,9 ,83 ,14,28,5,169,11,22
2 ,0 ,317 ,121 ,35 ,10 ,36 ,6 ,7 ,4 ,252 ,10 ,11 ,1 ,52 ,7 ,133 ,5 ,122 ,22,14,1,193,22,14
4 ,1 ,268 ,78 ,11 ,4 ,42 ,3 ,8 ,1 ,189 ,12 ,8 ,0 ,55 ,12 ,77 ,4 ,95 ,11,20,2,168,23,23
3 ,0 ,177 ,37 ,22 ,6 ,20 ,0 ,3 ,3 ,136 ,7 ,7 ,1 ,38 ,10 ,62 ,2 ,71 ,8,18,3,120,24,19
0 ,0 ,96 ,24 ,11 ,1 ,6 ,0 ,1 ,0 ,47 ,3 ,7 ,2 ,22 ,1 ,47 ,2 ,34 ,1,5,0,95,10,4
0 ,0 ,131 ,48 ,12 ,5 ,13 ,1 ,1 ,0 ,68 ,4 ,12 ,2 ,19 ,3 ,37 ,1 ,23 ,3,9,2,118,9,26
1 ,0 ,210 ,63 ,27 ,16 ,25 ,4 ,4 ,1 ,122 ,12 ,21 ,3 ,35 ,4 ,72 ,3 ,45 ,1,3,0,204,27,19
4 ,2 ,320 ,63 ,46 ,11 ,47 ,7 ,11 ,7 ,232 ,17 ,27 ,3 ,49 ,11 ,114 ,5 ,103 ,12,25,3,287,47,20
1 ,0 ,64 ,12 ,2 ,2 ,7 ,1 ,5 ,0 ,56 ,5 ,10 ,0 ,11 ,1 ,13 ,2 ,17 ,2,3,2,54,12,16
0 ,0 ,217 ,59 ,17 ,10 ,11 ,1 ,3 ,1 ,132 ,8 ,14 ,3 ,25 ,2 ,45 ,1 ,68 ,7,13,0,193,18,15
6 ,1 ,593 ,144 ,56 ,26 ,73 ,4 ,31 ,9 ,501 ,33 ,60 ,11 ,85 ,20 ,238 ,17 ,213 ,38,51,5,298,36,66
5 ,0 ,402 ,71 ,76 ,21 ,51 ,8 ,21 ,7 ,255 ,10 ,40 ,7 ,80 ,8 ,115 ,3 ,122 ,11,19,1,204,10,27
2 ,0 ,109 ,11 ,7 ,2 ,14 ,0 ,1 ,0 ,69 ,9 ,9 ,2 ,14 ,2 ,27 ,0 ,24 ,2,3,1,80,6,6
89 ,9 ,9663 ,2714 ,1024 ,352 ,1139 ,175 ,346 ,75 ,5895 ,546 ,816 ,139 ,1673 ,250 ,3373 ,223 ,3185 ,508,716,119,"6,867","1,274",994
2 ,0 ,260 ,80 ,48 ,20 ,34 ,5 ,5 ,0 ,147 ,11 ,23 ,2 ,32 ,5 ,78 ,4 ,73 ,10,18,4,178,27,36
0 ,0 ,74 ,24 ,6 ,2 ,14 ,2 ,2 ,0 ,59 ,6 ,10 ,0 ,9 ,3 ,18 ,1 ,15 ,2,6,0,90,26,16
1 ,1 ,89 ,24 ,13 ,1 ,12 ,2 ,4 ,0 ,71 ,2 ,15 ,0 ,22 ,1 ,31 ,2 ,32 ,4,9,4,98,18,23
0 ,0 ,262 ,62 ,18 ,10 ,19 ,1 ,2 ,1 ,109 ,7 ,10 ,0 ,32 ,5 ,70 ,1 ,128 ,11,9,0,178,27,15
0 ,0 ,104 ,33 ,12 ,1 ,18 ,4 ,6 ,1 ,175 ,15 ,10 ,2 ,24 ,9 ,65 ,5 ,36 ,8,10,1,69,9,7
0 ,0 ,85 ,17 ,2 ,1 ,6 ,0 ,1 ,0 ,63 ,4 ,4 ,0 ,22 ,1 ,29 ,0 ,30 ,1,4,0,75,8,0
1 ,0 ,170 ,29 ,13 ,1 ,21 ,5 ,5 ,0 ,120 ,13 ,10 ,1 ,40 ,5 ,54 ,3 ,44 ,6,14,3,99,12,12
4 ,0 ,187 ,43 ,10 ,1 ,18 ,3 ,4 ,0 ,99 ,9 ,7 ,4 ,34 ,2 ,50 ,2 ,67 ,7,10,0,153,10,9
1 ,0 ,128 ,28 ,10 ,1 ,13 ,1 ,3 ,3 ,80 ,3 ,8 ,3 ,25 ,1 ,31 ,0 ,63 ,8,12,0,115,14,19
0 ,0 ,104 ,24 ,2 ,0 ,17 ,3 ,2 ,2 ,89 ,11 ,4 ,3 ,25 ,7 ,16 ,1 ,26 ,6,6,1,70,8,10
0 ,0 ,58 ,14 ,0 ,2 ,6 ,0 ,1 ,0 ,48 ,2 ,2 ,1 ,22 ,1 ,38 ,1 ,22 ,2,4,0,74,9,2
4 ,0 ,237 ,63 ,49 ,9 ,28 ,3 ,6 ,4 ,112 ,9 ,22 ,4 ,41 ,5 ,62 ,1 ,47 ,3,6,1,189,59,21
1 ,0 ,73 ,13 ,1 ,2 ,13 ,1 ,2 ,0 ,46 ,3 ,3 ,1 ,18 ,1 ,31 ,0 ,18 ,4,2,2,58,3,11
12 ,1 ,490 ,109 ,64 ,34 ,55 ,0 ,37 ,1 ,151 ,8 ,20 ,5 ,82 ,12 ,81 ,11 ,141 ,28,32,3,286,36,42
0 ,0 ,78 ,20 ,8 ,3 ,8 ,4 ,0 ,6 ,83 ,7 ,10 ,0 ,18 ,5 ,47 ,0 ,30 ,6,4,1,65,16,10
1 ,0 ,296 ,73 ,35 ,8 ,34 ,4 ,7 ,1 ,159 ,7 ,17 ,0 ,40 ,5 ,56 ,0 ,68 ,8,19,0,184,22,24
1 ,0 ,163 ,45 ,8 ,0 ,25 ,1 ,3 ,0 ,138 ,6 ,20 ,5 ,26 ,3 ,55 ,1 ,39 ,6,8,3,128,26,10
0 ,0 ,175 ,27 ,11 ,2 ,14 ,2 ,7 ,2 ,129 ,12 ,13 ,2 ,36 ,5 ,40 ,7 ,63 ,4,13,1,67,14,20
4 ,0 ,310 ,77 ,24 ,4 ,23 ,4 ,12 ,5 ,139 ,13 ,38 ,5 ,63 ,9 ,80 ,3 ,56 ,10,28,3,162,20,40
0 ,0 ,254 ,80 ,22 ,1 ,36 ,2 ,8 ,1 ,244 ,18 ,19 ,7 ,55 ,5 ,60 ,2 ,106 ,11,17,1,231,42,12
1 ,0 ,178 ,27 ,28 ,12 ,26 ,5 ,5 ,1 ,72 ,6 ,11 ,1 ,21 ,4 ,43 ,4 ,49 ,6,11,1,124,35,15
1 ,0 ,125 ,28 ,3 ,0 ,17 ,5 ,0 ,2 ,87 ,11 ,8 ,3 ,24 ,0 ,33 ,2 ,37 ,10,11,6,124,36,8
0 ,0 ,305 ,68 ,32 ,10 ,14 ,0 ,4 ,0 ,179 ,10 ,16 ,5 ,33 ,6 ,176 ,9 ,107 ,6,14,7,225,32,19
12 ,1 ,1363 ,638 ,142 ,60 ,158 ,55 ,87 ,22 ,687 ,143 ,175 ,31 ,210 ,47 ,917 ,86 ,426 ,134,175,35,964,323,214
0 ,0 ,158 ,35 ,5 ,2 ,14 ,1 ,4 ,0 ,103 ,7 ,14 ,1 ,45 ,4 ,54 ,1 ,89 ,6,6,1,134,11,10
0 ,0 ,126 ,23 ,8 ,1 ,9 ,3 ,0 ,0 ,54 ,5 ,5 ,0 ,15 ,0 ,22 ,2 ,21 ,4,4,0,95,11,16
2 ,0 ,242 ,80 ,52 ,23 ,49 ,7 ,9 ,1 ,231 ,18 ,23 ,5 ,66 ,9 ,58 ,12 ,157 ,24,12,1,185,33,11
0 ,1 ,187 ,38 ,14 ,3 ,22 ,1 ,2 ,0 ,108 ,8 ,5 ,0 ,24 ,2 ,32 ,2 ,67 ,5,7,0,138,13,5
1 ,0 ,112 ,13 ,10 ,3 ,22 ,1 ,0 ,0 ,88 ,5 ,10 ,3 ,22 ,3 ,30 ,3 ,50 ,7,15,4,124,11,14
4 ,0 ,247 ,66 ,28 ,8 ,23 ,4 ,9 ,2 ,150 ,13 ,16 ,1 ,44 ,6 ,87 ,10 ,69 ,9,12,2,139,18,25
2 ,0 ,382 ,131 ,27 ,12 ,27 ,8 ,6 ,0 ,252 ,21 ,24 ,4 ,61 ,7 ,114 ,5 ,146 ,39,14,2,225,77,11
3 ,1 ,209 ,70 ,14 ,2 ,40 ,6 ,25 ,0 ,157 ,27 ,24 ,4 ,48 ,8 ,74 ,5 ,88 ,9,13,2,167,19,57
0 ,0 ,194 ,59 ,24 ,9 ,18 ,4 ,5 ,0 ,123 ,12 ,19 ,3 ,34 ,6 ,61 ,2 ,56 ,12,18,3,129,27,24
2 ,0 ,94 ,15 ,8 ,2 ,5 ,0 ,8 ,1 ,62 ,2 ,7 ,1 ,19 ,3 ,43 ,2 ,41 ,2,6,0,84,4,8
3 ,0 ,129 ,34 ,21 ,7 ,13 ,1 ,1 ,0 ,57 ,6 ,13 ,2 ,21 ,3 ,18 ,0 ,20 ,2,10,0,95,11,7
0 ,0 ,257 ,67 ,28 ,11 ,18 ,0 ,5 ,4 ,90 ,5 ,18 ,3 ,25 ,4 ,71 ,4 ,55 ,12,10,0,180,28,11
4 ,1 ,333 ,103 ,46 ,15 ,58 ,2 ,7 ,3 ,233 ,22 ,36 ,5 ,73 ,9 ,98 ,7 ,81 ,10,32,1,318,40,30
0 ,0 ,65 ,16 ,9 ,4 ,13 ,1 ,3 ,0 ,42 ,9 ,10 ,1 ,9 ,4 ,21 ,2 ,19 ,4,4,0,78,21,11
6 ,0 ,220 ,60 ,20 ,9 ,25 ,5 ,4 ,2 ,112 ,8 ,16 ,4 ,41 ,5 ,56 ,2 ,75 ,6,11,2,190,27,12
11 ,1 ,609 ,172 ,66 ,23 ,63 ,13 ,30 ,9 ,446 ,26 ,59 ,11 ,89 ,16 ,211 ,13 ,253 ,38,69,15,280,68,92
5 ,2 ,446 ,73 ,71 ,33 ,84 ,5 ,15 ,1 ,243 ,15 ,34 ,6 ,70 ,13 ,137 ,5 ,154 ,15,24,8,236,21,51
0 ,0 ,85 ,13 ,12 ,0 ,7 ,1 ,0 ,0 ,58 ,1 ,8 ,0 ,13 ,1 ,25 ,0 ,21 ,3,7,1,64,2,4
125 ,25 ,11455 ,3097 ,1149 ,447 ,1278 ,256 ,359 ,86 ,8346 ,690 ,1075 ,180 ,1925 ,370 ,4383 ,271 ,3458 ,638,787,145,"7,598","1,412",740
2 ,1 ,275 ,63 ,37 ,16 ,25 ,1 ,12 ,2 ,200 ,17 ,34 ,7 ,63 ,13 ,97 ,1 ,70 ,7,11,0,196,29,15
0 ,0 ,89 ,26 ,12 ,0 ,10 ,1 ,6 ,0 ,71 ,3 ,10 ,2 ,13 ,3 ,29 ,3 ,15 ,3,7,1,92,29,13
2 ,0 ,151 ,34 ,17 ,5 ,19 ,2 ,5 ,1 ,120 ,12 ,9 ,2 ,23 ,8 ,30 ,1 ,34 ,6,14,4,109,15,16
1 ,1 ,280 ,46 ,27 ,8 ,26 ,1 ,6 ,0 ,174 ,10 ,26 ,0 ,37 ,5 ,116 ,2 ,111 ,12,13,0,156,24,11
1 ,0 ,121 ,39 ,6 ,0 ,29 ,7 ,2 ,0 ,238 ,10 ,8 ,2 ,38 ,5 ,54 ,14 ,60 ,10,6,0,79,11,3
0 ,0 ,116 ,19 ,6 ,0 ,6 ,0 ,1 ,0 ,73 ,8 ,6 ,2 ,28 ,2 ,39 ,2 ,42 ,2,12,0,81,8,2
0 ,0 ,242 ,47 ,3 ,0 ,14 ,5 ,9 ,4 ,170 ,27 ,21 ,1 ,61 ,9 ,56 ,4 ,58 ,9,24,0,112,13,6
4 ,1 ,267 ,56 ,18 ,2 ,28 ,1 ,3 ,4 ,102 ,5 ,19 ,4 ,30 ,5 ,73 ,1 ,51 ,10,9,5,204,37,16
1 ,0 ,142 ,20 ,11 ,1 ,12 ,2 ,0 ,0 ,103 ,4 ,9 ,1 ,26 ,1 ,54 ,1 ,49 ,8,10,1,97,8,10
0 ,0 ,144 ,21 ,4 ,0 ,23 ,5 ,2 ,1 ,117 ,9 ,6 ,3 ,30 ,4 ,29 ,0 ,34 ,6,12,1,101,4,5
2 ,0 ,67 ,16 ,7 ,6 ,5 ,1 ,2 ,0 ,42 ,2 ,3 ,0 ,12 ,1 ,48 ,2 ,33 ,2,4,3,80,23,6
6 ,2 ,346 ,101 ,48 ,15 ,25 ,4 ,9 ,1 ,188 ,18 ,27 ,9 ,62 ,7 ,91 ,7 ,70 ,20,20,5,204,39,14
3 ,0 ,79 ,22 ,4 ,0 ,13 ,2 ,1 ,0 ,70 ,5 ,6 ,1 ,13 ,4 ,26 ,0 ,12 ,3,2,0,65,6,8
5 ,1 ,604 ,156 ,112 ,42 ,61 ,10 ,16 ,2 ,318 ,12 ,34 ,1 ,91 ,16 ,152 ,6 ,160 ,18,48,15,387,54,30
0 ,0 ,122 ,18 ,11 ,3 ,13 ,0 ,3 ,1 ,97 ,6 ,5 ,2 ,21 ,5 ,58 ,1 ,25 ,4,5,0,84,14,5
4 ,0 ,269 ,38 ,41 ,7 ,34 ,2 ,6 ,0 ,176 ,15 ,17 ,6 ,39 ,7 ,85 ,3 ,61 ,11,16,4,213,22,14
1 ,1 ,221 ,65 ,17 ,2 ,21 ,7 ,5 ,0 ,220 ,13 ,39 ,3 ,36 ,12 ,71 ,4 ,53 ,14,11,3,157,33,11
3 ,0 ,152 ,28 ,28 ,11 ,29 ,7 ,10 ,0 ,184 ,9 ,11 ,2 ,47 ,7 ,61 ,4 ,74 ,5,16,10,121,9,6
11 ,0 ,244 ,61 ,22 ,14 ,44 ,3 ,10 ,5 ,157 ,19 ,39 ,12 ,31 ,5 ,63 ,4 ,53 ,4,10,3,170,31,23
3 ,2 ,330 ,87 ,24 ,2 ,42 ,8 ,11 ,4 ,271 ,18 ,34 ,2 ,63 ,17 ,100 ,5 ,135 ,16,27,1,283,48,13
6 ,2 ,173 ,49 ,25 ,8 ,22 ,7 ,5 ,2 ,90 ,9 ,15 ,1 ,33 ,2 ,37 ,6 ,52 ,10,12,0,147,20,5
0 ,0 ,166 ,33 ,5 ,0 ,22 ,1 ,3 ,0 ,102 ,9 ,9 ,2 ,24 ,3 ,37 ,2 ,46 ,6,6,3,124,42,6
2 ,0 ,356 ,72 ,46 ,15 ,24 ,5 ,10 ,0 ,236 ,13 ,25 ,2 ,49 ,10 ,189 ,4 ,120 ,19,13,2,219,33,17
20 ,5 ,1814 ,739 ,161 ,72 ,240 ,61 ,83 ,23 ,1119 ,173 ,260 ,50 ,267 ,63 ,1166 ,97 ,530 ,152,152,35,"1,009",349,211
0 ,1 ,193 ,44 ,13 ,2 ,14 ,3 ,6 ,2 ,121 ,11 ,12 ,0 ,48 ,2 ,52 ,4 ,69 ,19,11,0,111,16,13
1 ,0 ,125 ,41 ,6 ,1 ,17 ,4 ,6 ,0 ,75 ,6 ,12 ,2 ,26 ,6 ,35 ,1 ,33 ,4,5,0,95,25,11
4 ,0 ,339 ,128 ,57 ,25 ,54 ,8 ,12 ,0 ,331 ,28 ,31 ,3 ,62 ,21 ,96 ,7 ,146 ,52,15,6,243,40,7
1 ,0 ,173 ,36 ,14 ,4 ,10 ,5 ,2 ,0 ,128 ,1 ,10 ,2 ,35 ,7 ,48 ,2 ,47 ,14,7,0,81,15,3
1 ,0 ,116 ,30 ,7 ,1 ,10 ,8 ,8 ,0 ,108 ,8 ,7 ,2 ,23 ,3 ,51 ,4 ,44 ,5,9,0,107,7,6
2 ,0 ,258 ,97 ,36 ,15 ,30 ,5 ,7 ,7 ,262 ,15 ,25 ,4 ,46 ,15 ,98 ,3 ,90 ,16,25,2,139,28,11
5 ,3 ,397 ,127 ,27 ,14 ,51 ,13 ,5 ,1 ,294 ,14 ,17 ,1 ,50 ,7 ,204 ,3 ,137 ,20,19,2,299,79,5
1 ,0 ,197 ,68 ,3 ,0 ,25 ,10 ,8 ,4 ,289 ,12 ,11 ,4 ,55 ,15 ,88 ,5 ,87 ,14,26,0,171,17,14
4 ,1 ,221 ,48 ,24 ,6 ,16 ,3 ,5 ,1 ,157 ,10 ,14 ,0 ,50 ,14 ,61 ,4 ,67 ,4,15,1,164,49,9
0 ,0 ,119 ,20 ,7 ,1 ,9 ,0 ,1 ,0 ,81 ,5 ,8 ,2 ,19 ,5 ,41 ,0 ,39 ,6,4,0,77,5,11
0 ,0 ,149 ,35 ,9 ,13 ,7 ,1 ,6 ,1 ,59 ,9 ,8 ,1 ,19 ,5 ,42 ,1 ,24 ,8,6,0,122,6,13
1 ,0 ,278 ,63 ,25 ,21 ,27 ,3 ,3 ,3 ,205 ,15 ,20 ,3 ,30 ,8 ,83 ,2 ,53 ,18,16,3,180,21,16
2 ,1 ,421 ,140 ,54 ,29 ,44 ,4 ,5 ,1 ,292 ,30 ,45 ,8 ,52 ,11 ,141 ,2 ,114 ,28,25,5,276,31,17
1 ,1 ,81 ,14 ,8 ,2 ,8 ,1 ,3 ,0 ,53 ,5 ,7 ,2 ,9 ,2 ,21 ,4 ,19 ,1,5,2,95,20,4
0 ,0 ,173 ,50 ,35 ,13 ,16 ,3 ,1 ,5 ,180 ,10 ,23 ,4 ,35 ,3 ,64 ,5 ,68 ,4,22,2,200,32,8
14 ,1 ,810 ,174 ,76 ,55 ,93 ,29 ,40 ,9 ,659 ,58 ,109 ,17 ,109 ,16 ,259 ,16 ,316 ,47,82,15,395,66,88
11 ,1 ,509 ,116 ,43 ,12 ,48 ,13 ,19 ,2 ,338 ,20 ,33 ,6 ,95 ,14 ,199 ,30 ,127 ,20,25,11,282,49,33
0 ,0 ,126 ,10 ,13 ,4 ,12 ,0 ,2 ,0 ,76 ,7 ,11 ,2 ,25 ,2 ,39 ,4 ,30 ,1,10,0,71,5,5
63 ,15 ,10343 ,3064 ,1088 ,362 ,1086 ,209 ,367 ,88 ,7147 ,640 ,832 ,131 ,1955 ,381 ,4006 ,267 ,3463 ,576,707,104,"7,192","1,252",771
0 ,0 ,272 ,51 ,49 ,20 ,46 ,4 ,6 ,0 ,154 ,19 ,16 ,0 ,58 ,9 ,78 ,14 ,84 ,12,8,5,141,29,25
0 ,0 ,99 ,25 ,6 ,1 ,7 ,2 ,10 ,1 ,60 ,6 ,4 ,1 ,13 ,4 ,33 ,3 ,24 ,2,7,0,83,17,10
1 ,1 ,125 ,31 ,7 ,3 ,7 ,1 ,4 ,4 ,95 ,9 ,15 ,1 ,21 ,5 ,38 ,1 ,34 ,5,6,0,73,7,14
2 ,0 ,264 ,61 ,23 ,9 ,18 ,1 ,1 ,0 ,173 ,12 ,17 ,1 ,51 ,4 ,74 ,4 ,108 ,13,16,1,208,26,5
0 ,0 ,116 ,41 ,8 ,0 ,38 ,9 ,4 ,0 ,200 ,8 ,6 ,0 ,28 ,10 ,81 ,7 ,47 ,7,9,5,65,6,6
1 ,0 ,102 ,14 ,11 ,0 ,8 ,2 ,0 ,0 ,98 ,6 ,5 ,1 ,24 ,7 ,33 ,0 ,48 ,2,4,0,83,3,2
1 ,0 ,152 ,36 ,4 ,0 ,10 ,3 ,7 ,2 ,113 ,8 ,7 ,2 ,24 ,6 ,55 ,5 ,64 ,11,17,4,118,32,14
0 ,1 ,215 ,50 ,21 ,1 ,21 ,7 ,10 ,0 ,110 ,5 ,21 ,2 ,50 ,3 ,67 ,5 ,61 ,10,10,0,171,27,6
4 ,0 ,134 ,26 ,12 ,2 ,16 ,2 ,4 ,1 ,90 ,5 ,2 ,0 ,23 ,4 ,43 ,0 ,40 ,4,8,0,106,11,17
0 ,0 ,91 ,25 ,6 ,0 ,8 ,1 ,5 ,1 ,121 ,6 ,19 ,1 ,23 ,2 ,19 ,0 ,35 ,4,8,1,70,4,8
0 ,0 ,83 ,12 ,7 ,2 ,4 ,1 ,4 ,0 ,32 ,2 ,7 ,1 ,26 ,3 ,59 ,4 ,22 ,1,7,0,70,18,1
4 ,0 ,272 ,89 ,37 ,22 ,17 ,4 ,11 ,3 ,165 ,29 ,15 ,6 ,59 ,5 ,118 ,4 ,68 ,15,10,1,206,36,24
0 ,0 ,74 ,33 ,3 ,1 ,11 ,0 ,0 ,1 ,48 ,4 ,6 ,1 ,17 ,3 ,27 ,2 ,30 ,4,5,1,67,5,10
3 ,0 ,521 ,135 ,81 ,37 ,61 ,5 ,10 ,6 ,270 ,16 ,23 ,1 ,93 ,12 ,109 ,9 ,154 ,20,33,4,348,60,36
1 ,0 ,112 ,20 ,6 ,4 ,9 ,2 ,5 ,1 ,74 ,4 ,6 ,0 ,25 ,9 ,41 ,3 ,20 ,0,2,2,75,11,4
4 ,0 ,236 ,45 ,39 ,7 ,28 ,1 ,8 ,1 ,172 ,6 ,21 ,2 ,46 ,3 ,68 ,4 ,88 ,8,11,2,196,15,30
0 ,1 ,187 ,51 ,17 ,2 ,10 ,3 ,6 ,0 ,161 ,9 ,23 ,2 ,30 ,10 ,91 ,6 ,54 ,8,11,3,112,26,10
2 ,0 ,155 ,35 ,23 ,11 ,17 ,6 ,11 ,1 ,154 ,9 ,8 ,0 ,46 ,1 ,65 ,4 ,82 ,7,7,2,111,18,10
4 ,0 ,265 ,66 ,25 ,12 ,22 ,6 ,12 ,3 ,136 ,16 ,33 ,3 ,34 ,3 ,98 ,4 ,64 ,9,25,1,163,23,16
2 ,0 ,260 ,51 ,16 ,2 ,43 ,5 ,5 ,1 ,223 ,16 ,19 ,1 ,43 ,10 ,74 ,5 ,127 ,23,18,1,208,38,6
2 ,0 ,143 ,36 ,14 ,6 ,11 ,5 ,2 ,0 ,109 ,5 ,5 ,1 ,35 ,7 ,26 ,0 ,32 ,2,9,5,112,32,7
2 ,0 ,160 ,31 ,7 ,0 ,27 ,3 ,1 ,0 ,118 ,17 ,9 ,1 ,28 ,4 ,25 ,0 ,75 ,10,20,6,136,19,7
0 ,0 ,301 ,66 ,36 ,3 ,23 ,0 ,13 ,1 ,208 ,12 ,21 ,0 ,74 ,7 ,199 ,9 ,100 ,9,28,3,270,30,7
13 ,5 ,1697 ,821 ,131 ,65 ,179 ,49 ,84 ,26 ,1045 ,189 ,235 ,51 ,244 ,73 ,1029 ,93 ,491 ,153,129,17,973,298,190
0 ,0 ,201 ,45 ,23 ,1 ,14 ,0 ,1 ,0 ,135 ,9 ,8 ,0 ,38 ,6 ,68 ,0 ,91 ,10,18,3,120,12,12
3 ,0 ,109 ,27 ,7 ,1 ,16 ,0 ,1 ,0 ,64 ,4 ,6 ,1 ,18 ,2 ,25 ,0 ,29 ,4,5,1,88,13,11
1 ,1 ,287 ,96 ,50 ,14 ,49 ,14 ,6 ,2 ,236 ,38 ,31 ,4 ,66 ,17 ,52 ,10 ,139 ,36,19,3,217,43,9
0 ,0 ,153 ,37 ,20 ,2 ,17 ,3 ,3 ,1 ,109 ,8 ,14 ,4 ,54 ,6 ,35 ,3 ,63 ,6,6,1,107,13,8
0 ,0 ,139 ,31 ,8 ,1 ,16 ,9 ,3 ,0 ,108 ,6 ,7 ,4 ,33 ,6 ,37 ,0 ,58 ,8,11,0,122,5,8
0 ,0 ,229 ,74 ,54 ,10 ,16 ,4 ,14 ,3 ,136 ,14 ,11 ,3 ,52 ,13 ,115 ,13 ,82 ,13,12,2,167,21,40
3 ,2 ,389 ,149 ,33 ,8 ,40 ,11 ,15 ,3 ,222 ,14 ,18 ,1 ,84 ,11 ,150 ,4 ,121 ,14,18,5,245,51,11
0 ,0 ,211 ,63 ,8 ,1 ,26 ,3 ,8 ,1 ,257 ,12 ,9 ,1 ,65 ,10 ,78 ,5 ,97 ,9,15,1,186,24,25
3 ,0 ,246 ,70 ,20 ,7 ,31 ,4 ,16 ,1 ,153 ,13 ,9 ,0 ,46 ,15 ,69 ,0 ,61 ,9,21,3,167,37,8
0 ,0 ,124 ,19 ,4 ,2 ,13 ,1 ,2 ,0 ,58 ,7 ,4 ,1 ,28 ,1 ,28 ,1 ,38 ,8,5,0,77,5,7
0 ,0 ,118 ,32 ,22 ,1 ,10 ,1 ,2 ,0 ,35 ,2 ,5 ,0 ,12 ,2 ,34 ,1 ,29 ,6,2,0,104,7,9
0 ,0 ,241 ,63 ,25 ,17 ,12 ,2 ,3 ,3 ,128 ,4 ,17 ,4 ,31 ,9 ,111 ,4 ,60 ,14,16,5,190,16,13
2 ,1 ,353 ,137 ,54 ,28 ,38 ,12 ,10 ,5 ,197 ,17 ,37 ,6 ,48 ,22 ,115 ,5 ,118 ,24,30,1,274,49,19
0 ,0 ,87 ,20 ,5 ,3 ,5 ,0 ,2 ,0 ,66 ,4 ,4 ,1 ,18 ,5 ,25 ,0 ,23 ,4,4,0,88,23,6
4 ,2 ,213 ,47 ,33 ,6 ,24 ,2 ,7 ,2 ,176 ,14 ,5 ,1 ,37 ,10 ,74 ,5 ,68 ,8,11,1,209,29,13
1 ,1 ,655 ,164 ,61 ,32 ,59 ,11 ,39 ,9 ,587 ,37 ,61 ,15 ,109 ,13 ,245 ,15 ,255 ,41,66,14,337,62,76
0 ,0 ,452 ,127 ,61 ,15 ,54 ,6 ,11 ,5 ,282 ,16 ,34 ,5 ,81 ,28 ,156 ,11 ,133 ,17,34,0,262,43,27
0 ,0 ,100 ,12 ,11 ,3 ,5 ,4 ,1 ,0 ,69 ,3 ,9 ,1 ,20 ,1 ,39 ,4 ,46 ,6,6,0,67,8,4
125 ,25 ,9015 ,2543 ,992 ,317 ,1040 ,179 ,284 ,91 ,6707 ,526 ,762 ,115 ,1596 ,303 ,3608 ,254 ,2766 ,478,635,90,"6,656","1,077",937
6 ,2 ,299 ,70 ,37 ,15 ,30 ,12 ,9 ,0 ,205 ,15 ,9 ,6 ,40 ,11 ,81 ,5 ,74 ,17,16,5,164,19,30
1 ,0 ,70 ,31 ,3 ,1 ,5 ,0 ,4 ,2 ,58 ,14 ,8 ,0 ,18 ,1 ,30 ,0 ,19 ,1,4,2,95,24,22
1 ,0 ,96 ,16 ,6 ,1 ,22 ,0 ,1 ,0 ,114 ,9 ,10 ,1 ,11 ,4 ,34 ,1 ,23 ,5,3,0,105,10,13
1 ,1 ,192 ,62 ,20 ,7 ,9 ,0 ,3 ,0 ,169 ,3 ,12 ,0 ,29 ,4 ,73 ,1 ,71 ,5,13,1,172,15,11
4 ,0 ,124 ,29 ,6 ,0 ,40 ,5 ,3 ,1 ,200 ,9 ,29 ,2 ,24 ,8 ,65 ,5 ,49 ,9,14,1,85,10,11
2 ,0 ,97 ,6 ,5 ,0 ,6 ,1 ,4 ,0 ,83 ,2 ,5 ,0 ,25 ,2 ,35 ,1 ,46 ,5,5,0,90,7,1
1 ,0 ,112 ,38 ,11 ,0 ,14 ,3 ,2 ,2 ,128 ,5 ,4 ,2 ,34 ,5 ,45 ,1 ,41 ,5,7,0,69,10,11
5 ,0 ,183 ,49 ,12 ,2 ,21 ,2 ,1 ,1 ,145 ,4 ,10 ,0 ,35 ,5 ,82 ,3 ,67 ,7,18,2,173,20,9
0 ,0 ,117 ,12 ,9 ,1 ,11 ,3 ,5 ,0 ,77 ,1 ,5 ,2 ,19 ,1 ,41 ,2 ,28 ,5,3,0,86,5,7
1 ,0 ,88 ,19 ,4 ,0 ,17 ,3 ,0 ,0 ,105 ,7 ,6 ,0 ,23 ,7 ,13 ,1 ,21 ,7,5,0,100,8,4
1 ,1 ,69 ,17 ,3 ,1 ,7 ,2 ,1 ,0 ,21 ,1 ,1 ,0 ,14 ,0 ,38 ,1 ,16 ,3,4,0,69,13,6
6 ,1 ,238 ,58 ,41 ,7 ,35 ,7 ,6 ,2 ,173 ,15 ,16 ,3 ,33 ,5 ,82 ,3 ,42 ,6,15,4,163,30,11
3 ,0 ,63 ,13 ,2 ,0 ,11 ,1 ,3 ,1 ,46 ,3 ,5 ,0 ,8 ,3 ,23 ,2 ,7 ,3,4,0,55,2,10
6 ,0 ,474 ,114 ,85 ,25 ,58 ,4 ,31 ,5 ,231 ,12 ,26 ,1 ,84 ,8 ,147 ,8 ,100 ,12,42,5,284,65,23
1 ,0 ,105 ,24 ,11 ,2 ,16 ,2 ,0 ,0 ,76 ,2 ,6 ,0 ,21 ,4 ,33 ,3 ,36 ,3,4,0,87,15,1
4 ,0 ,196 ,34 ,26 ,6 ,30 ,0 ,2 ,0 ,185 ,10 ,18 ,4 ,36 ,3 ,88 ,2 ,56 ,13,15,1,175,9,19
5 ,0 ,144 ,32 ,9 ,1 ,7 ,2 ,2 ,0 ,128 ,10 ,17 ,4 ,24 ,4 ,67 ,2 ,32 ,7,12,2,121,24,20
1 ,0 ,201 ,37 ,25 ,8 ,39 ,6 ,7 ,1 ,141 ,12 ,10 ,0 ,40 ,6 ,53 ,6 ,71 ,13,13,0,101,9,4
7 ,2 ,243 ,73 ,21 ,7 ,23 ,1 ,4 ,0 ,134 ,24 ,23 ,3 ,32 ,3 ,85 ,4 ,59 ,9,25,6,125,17,18
2 ,0 ,215 ,63 ,15 ,0 ,44 ,2 ,6 ,0 ,204 ,10 ,14 ,1 ,49 ,12 ,64 ,4 ,98 ,7,15,4,201,32,16
3 ,0 ,135 ,30 ,23 ,6 ,13 ,4 ,2 ,2 ,82 ,5 ,9 ,1 ,29 ,4 ,21 ,0 ,36 ,2,4,0,107,24,11
2 ,0 ,132 ,31 ,9 ,0 ,24 ,2 ,5 ,1 ,97 ,10 ,12 ,4 ,19 ,2 ,21 ,1 ,36 ,4,11,4,106,29,17
2 ,0 ,310 ,59 ,20 ,8 ,16 ,0 ,6 ,0 ,163 ,14 ,10 ,0 ,40 ,10 ,167 ,7 ,58 ,3,15,4,210,27,19
20 ,7 ,1461 ,637 ,152 ,69 ,166 ,41 ,62 ,31 ,880 ,129 ,247 ,42 ,216 ,71 ,973 ,103 ,442 ,130,96,20,950,211,267
0 ,0 ,146 ,31 ,9 ,2 ,17 ,0 ,2 ,0 ,125 ,7 ,5 ,0 ,16 ,4 ,54 ,1 ,75 ,5,12,0,141,5,14
1 ,1 ,77 ,28 ,4 ,0 ,7 ,0 ,5 ,1 ,69 ,5 ,3 ,1 ,22 ,5 ,25 ,2 ,24 ,3,4,0,65,11,19
6 ,2 ,240 ,84 ,34 ,22 ,42 ,14 ,2 ,6 ,278 ,38 ,22 ,7 ,57 ,16 ,62 ,11 ,131 ,30,20,2,183,103,27
0 ,0 ,125 ,28 ,23 ,7 ,9 ,1 ,2 ,0 ,108 ,1 ,11 ,0 ,32 ,4 ,27 ,1 ,45 ,6,11,0,97,11,8
1 ,0 ,107 ,29 ,4 ,2 ,5 ,2 ,1 ,0 ,120 ,7 ,5 ,4 ,40 ,4 ,29 ,1 ,35 ,6,14,2,119,12,4
5 ,1 ,212 ,72 ,46 ,12 ,24 ,4 ,4 ,1 ,147 ,21 ,12 ,0 ,43 ,12 ,111 ,7 ,80 ,13,24,1,139,21,44
6 ,0 ,317 ,76 ,26 ,5 ,27 ,2 ,4 ,2 ,214 ,10 ,19 ,2 ,53 ,9 ,138 ,6 ,117 ,17,9,3,206,18,17
3 ,1 ,212 ,72 ,12 ,1 ,20 ,5 ,7 ,2 ,196 ,8 ,13 ,0 ,50 ,13 ,69 ,7 ,78 ,9,9,0,158,27,20
0 ,0 ,175 ,42 ,23 ,5 ,28 ,4 ,3 ,0 ,160 ,11 ,7 ,1 ,32 ,9 ,52 ,8 ,64 ,12,12,1,146,20,8
1 ,1 ,106 ,15 ,7 ,0 ,6 ,1 ,2 ,0 ,52 ,0 ,2 ,0 ,22 ,2 ,35 ,4 ,33 ,5,7,0,96,5,11
0 ,0 ,95 ,33 ,16 ,5 ,4 ,1 ,3 ,0 ,56 ,1 ,7 ,2 ,15 ,3 ,28 ,4 ,20 ,3,6,1,93,4,11
0 ,0 ,196 ,34 ,21 ,6 ,21 ,0 ,8 ,2 ,94 ,3 ,9 ,2 ,28 ,3 ,67 ,3 ,51 ,4,18,1,182,16,16
3 ,0 ,295 ,99 ,44 ,14 ,31 ,7 ,12 ,7 ,216 ,10 ,31 ,1 ,47 ,4 ,114 ,10 ,74 ,31,22,3,233,40,40
1 ,0 ,60 ,16 ,13 ,0 ,6 ,2 ,0 ,0 ,81 ,3 ,8 ,2 ,12 ,1 ,16 ,0 ,30 ,2,1,1,59,13,3
1 ,0 ,204 ,38 ,24 ,11 ,6 ,5 ,2 ,1 ,149 ,7 ,11 ,2 ,29 ,6 ,57 ,2 ,53 ,8,11,2,199,34,12
6 ,3 ,587 ,173 ,64 ,29 ,62 ,7 ,39 ,10 ,504 ,49 ,50 ,7 ,101 ,10 ,206 ,13 ,203 ,28,54,7,309,52,80
6 ,2 ,413 ,108 ,59 ,24 ,57 ,20 ,16 ,10 ,232 ,17 ,25 ,8 ,77 ,12 ,129 ,6 ,108 ,12,34,5,270,46,37
0 ,0 ,84 ,11 ,8 ,5 ,4 ,1 ,3 ,0 ,61 ,2 ,10 ,0 ,17 ,3 ,28 ,2 ,17 ,3,4,0,68,4,5
88 ,20 ,11741 ,3262 ,971 ,367 ,1371 ,242 ,419 ,114 ,8276 ,757 ,1027 ,171 ,2166 ,369 ,4457 ,303 ,3597 ,722,710,125,"7,962","1,509",963
6 ,0 ,348 ,105 ,50 ,26 ,37 ,6 ,10 ,0 ,203 ,26 ,18 ,4 ,55 ,11 ,127 ,6 ,63 ,17,9,3,220,78,151
1 ,0 ,180 ,47 ,14 ,1 ,21 ,2 ,7 ,5 ,151 ,7 ,5 ,1 ,42 ,4 ,44 ,2 ,42 ,13,3,1,137,29,9
3 ,2 ,132 ,27 ,11 ,2 ,26 ,5 ,7 ,2 ,72 ,4 ,10 ,1 ,11 ,2 ,34 ,1 ,33 ,3,4,0,92,14,17
2 ,0 ,302 ,59 ,27 ,11 ,21 ,3 ,3 ,3 ,162 ,4 ,11 ,0 ,43 ,4 ,112 ,3 ,131 ,6,4,0,186,13,6
2 ,0 ,148 ,32 ,9 ,2 ,34 ,5 ,4 ,0 ,248 ,14 ,6 ,0 ,46 ,6 ,62 ,7 ,56 ,9,13,1,99,8,4
0 ,0 ,106 ,17 ,4 ,0 ,4 ,0 ,0 ,0 ,79 ,1 ,3 ,2 ,16 ,1 ,37 ,3 ,45 ,3,4,7,78,9,3
0 ,1 ,213 ,67 ,9 ,0 ,22 ,5 ,6 ,1 ,129 ,12 ,14 ,2 ,50 ,15 ,64 ,6 ,56 ,13,9,2,132,10,18
4 ,0 ,234 ,93 ,16 ,3 ,33 ,8 ,5 ,0 ,137 ,15 ,19 ,6 ,41 ,4 ,76 ,5 ,70 ,12,7,1,180,26,21
0 ,0 ,142 ,36 ,9 ,3 ,17 ,1 ,0 ,0 ,88 ,2 ,10 ,0 ,21 ,1 ,37 ,2 ,44 ,4,5,0,71,3,8
2 ,1 ,162 ,41 ,5 ,0 ,24 ,1 ,3 ,2 ,131 ,12 ,13 ,1 ,29 ,6 ,28 ,2 ,30 ,6,6,3,88,5,4
0 ,0 ,70 ,12 ,6 ,4 ,3 ,2 ,0 ,0 ,39 ,1 ,0 ,0 ,14 ,5 ,58 ,1 ,27 ,5,8,0,81,12,2
6 ,0 ,321 ,88 ,35 ,24 ,37 ,6 ,12 ,4 ,168 ,10 ,30 ,1 ,55 ,9 ,82 ,4 ,57 ,12,17,1,202,67,19
0 ,0 ,115 ,32 ,1 ,1 ,19 ,1 ,8 ,1 ,97 ,2 ,7 ,3 ,18 ,3 ,37 ,0 ,21 ,3,3,2,75,4,31
3 ,1 ,687 ,119 ,75 ,24 ,85 ,11 ,34 ,3 ,347 ,23 ,49 ,2 ,122 ,13 ,127 ,11 ,155 ,24,38,12,463,67,42
1 ,0 ,75 ,22 ,9 ,5 ,9 ,1 ,2 ,0 ,65 ,4 ,4 ,0 ,15 ,5 ,49 ,0 ,17 ,5,2,1,97,12,3
1 ,0 ,253 ,56 ,24 ,9 ,33 ,4 ,4 ,0 ,193 ,17 ,23 ,3 ,55 ,5 ,77 ,4 ,82 ,7,13,1,228,27,25
1 ,0 ,332 ,96 ,16 ,6 ,25 ,1 ,7 ,1 ,246 ,19 ,45 ,10 ,48 ,6 ,130 ,7 ,70 ,18,12,1,239,38,13
1 ,0 ,157 ,35 ,24 ,11 ,33 ,2 ,7 ,1 ,164 ,5 ,9 ,1 ,55 ,4 ,67 ,6 ,57 ,10,9,2,130,20,4
7 ,0 ,273 ,65 ,25 ,8 ,37 ,11 ,18 ,2 ,177 ,33 ,46 ,10 ,48 ,10 ,103 ,7 ,59 ,6,30,1,176,27,22
0 ,0 ,309 ,69 ,15 ,3 ,54 ,6 ,14 ,2 ,304 ,20 ,17 ,0 ,69 ,7 ,99 ,4 ,158 ,42,24,2,274,53,5
5 ,0 ,148 ,44 ,18 ,7 ,20 ,2 ,6 ,2 ,108 ,12 ,12 ,2 ,22 ,9 ,31 ,3 ,54 ,9,12,1,97,14,19
0 ,0 ,116 ,26 ,9 ,2 ,15 ,2 ,2 ,0 ,102 ,17 ,8 ,2 ,27 ,1 ,29 ,1 ,41 ,12,15,3,104,16,12
1 ,0 ,423 ,68 ,39 ,9 ,27 ,2 ,8 ,2 ,254 ,8 ,34 ,4 ,48 ,5 ,199 ,10 ,100 ,23,19,4,191,31,15
15 ,4 ,1802 ,759 ,127 ,56 ,208 ,66 ,110 ,44 ,1043 ,196 ,259 ,54 ,289 ,59 ,1101 ,96 ,541 ,189,158,34,"1,118",409,199
0 ,0 ,175 ,49 ,15 ,0 ,10 ,0 ,3 ,0 ,99 ,11 ,15 ,3 ,34 ,3 ,66 ,3 ,78 ,9,10,2,99,14,12
1 ,1 ,130 ,35 ,2 ,2 ,13 ,2 ,1 ,2 ,100 ,9 ,6 ,1 ,22 ,13 ,35 ,3 ,23 ,9,9,0,98,18,10
1 ,1 ,362 ,122 ,25 ,8 ,44 ,12 ,10 ,3 ,412 ,36 ,27 ,8 ,101 ,27 ,140 ,8 ,196 ,41,27,1,211,27,18
0 ,0 ,173 ,29 ,13 ,7 ,11 ,3 ,3 ,0 ,122 ,8 ,9 ,0 ,55 ,10 ,42 ,5 ,68 ,9,12,1,114,23,4
1 ,0 ,116 ,26 ,5 ,1 ,18 ,0 ,7 ,0 ,97 ,5 ,13 ,0 ,36 ,3 ,32 ,1 ,56 ,5,12,2,120,9,5
1 ,0 ,255 ,84 ,41 ,8 ,30 ,3 ,3 ,3 ,197 ,20 ,9 ,8 ,55 ,12 ,122 ,8 ,81 ,22,14,2,167,20,26
1 ,0 ,393 ,105 ,15 ,12 ,54 ,7 ,6 ,1 ,270 ,9 ,36 ,4 ,64 ,8 ,152 ,5 ,129 ,18,6,2,213,46,15
1 ,0 ,219 ,51 ,1 ,1 ,39 ,3 ,11 ,2 ,263 ,14 ,13 ,1 ,45 ,10 ,89 ,2 ,94 ,7,17,3,180,31,10
1 ,0 ,238 ,53 ,23 ,10 ,24 ,7 ,4 ,0 ,143 ,17 ,9 ,2 ,64 ,13 ,83 ,3 ,83 ,8,10,2,213,45,16
1 ,0 ,117 ,18 ,6 ,3 ,8 ,3 ,0 ,1 ,75 ,2 ,8 ,2 ,23 ,4 ,37 ,2 ,41 ,3,7,0,100,5,7
0 ,0 ,160 ,30 ,17 ,7 ,12 ,0 ,3 ,4 ,62 ,10 ,10 ,3 ,18 ,2 ,36 ,2 ,18 ,3,2,0,105,10,8
1 ,0 ,265 ,55 ,39 ,18 ,23 ,10 ,9 ,4 ,169 ,8 ,19 ,0 ,44 ,10 ,86 ,9 ,72 ,12,10,4,200,18,20
3 ,1 ,482 ,193 ,44 ,18 ,56 ,17 ,14 ,6 ,358 ,36 ,28 ,7 ,72 ,15 ,197 ,22 ,114 ,31,28,4,310,55,23
1 ,1 ,65 ,14 ,6 ,3 ,10 ,1 ,0 ,0 ,50 ,5 ,5 ,0 ,7 ,3 ,20 ,0 ,32 ,4,7,1,98,25,5
1 ,0 ,231 ,59 ,18 ,9 ,28 ,6 ,3 ,0 ,126 ,2 ,13 ,4 ,38 ,4 ,65 ,3 ,74 ,11,12,1,248,54,12
7 ,4 ,727 ,175 ,66 ,22 ,68 ,9 ,44 ,10 ,632 ,56 ,102 ,15 ,132 ,16 ,283 ,23 ,278 ,57,80,13,349,66,83
5 ,3 ,472 ,127 ,48 ,18 ,72 ,6 ,18 ,3 ,313 ,36 ,40 ,3 ,98 ,19 ,135 ,13 ,121 ,19,19,2,287,49,33
1 ,0 ,113 ,22 ,10 ,3 ,7 ,0 ,3 ,0 ,81 ,9 ,13 ,1 ,19 ,2 ,27 ,0 ,30 ,3,4,2,92,2,4
101 ,35 ,10394 ,3087 ,1084 ,363 ,1159 ,191 ,348 ,103 ,7156 ,637 ,961 ,179 ,1831 ,337 ,4123 ,260 ,3245 ,634,697,128,"7,150","1,317",803
3 ,6 ,305 ,89 ,48 ,10 ,35 ,3 ,7 ,1 ,186 ,13 ,13 ,3 ,51 ,7 ,98 ,2 ,73 ,10,8,2,203,32,35
3 ,2 ,83 ,16 ,7 ,2 ,22 ,1 ,3 ,1 ,41 ,7 ,6 ,0 ,16 ,0 ,31 ,2 ,16 ,5,4,2,76,19,10
0 ,0 ,138 ,26 ,10 ,2 ,15 ,2 ,4 ,1 ,85 ,3 ,3 ,0 ,29 ,4 ,36 ,1 ,28 ,4,7,0,84,11,11
2 ,0 ,275 ,51 ,21 ,8 ,14 ,5 ,1 ,2 ,151 ,8 ,15 ,0 ,40 ,6 ,101 ,2 ,95 ,9,14,2,201,18,6
1 ,0 ,148 ,43 ,11 ,1 ,39 ,4 ,5 ,4 ,210 ,15 ,11 ,0 ,40 ,11 ,75 ,3 ,46 ,13,14,5,85,3,6
0 ,0 ,96 ,26 ,5 ,1 ,9 ,1 ,1 ,0 ,64 ,6 ,7 ,1 ,25 ,7 ,34 ,3 ,25 ,3,4,0,74,7,3
0 ,0 ,178 ,40 ,4 ,0 ,14 ,3 ,7 ,0 ,117 ,10 ,12 ,0 ,45 ,9 ,48 ,7 ,49 ,10,12,3,116,24,22
2 ,1 ,221 ,58 ,16 ,2 ,20 ,2 ,4 ,1 ,112 ,5 ,18 ,6 ,37 ,3 ,52 ,0 ,51 ,10,5,0,189,27,9
1 ,0 ,130 ,19 ,10 ,3 ,9 ,3 ,0 ,0 ,77 ,3 ,8 ,0 ,24 ,2 ,42 ,1 ,48 ,8,6,0,66,10,9
0 ,1 ,104 ,23 ,6 ,1 ,15 ,1 ,3 ,1 ,87 ,5 ,12 ,1 ,21 ,5 ,18 ,0 ,23 ,8,11,0,104,6,7
0 ,1 ,65 ,12 ,5 ,3 ,4 ,0 ,0 ,0 ,31 ,2 ,3 ,3 ,15 ,0 ,36 ,0 ,34 ,2,2,1,77,15,6
7 ,0 ,303 ,72 ,45 ,14 ,31 ,5 ,11 ,6 ,157 ,18 ,26 ,5 ,41 ,10 ,77 ,4 ,54 ,9,10,4,195,43,28
1 ,0 ,86 ,18 ,1 ,0 ,16 ,2 ,4 ,0 ,48 ,3 ,9 ,0 ,12 ,1 ,35 ,0 ,25 ,11,2,0,57,3,4
3 ,0 ,566 ,127 ,92 ,35 ,58 ,6 ,19 ,7 ,248 ,16 ,41 ,7 ,80 ,5 ,127 ,19 ,162 ,15,52,3,325,91,31
1 ,0 ,81 ,17 ,7 ,4 ,10 ,1 ,5 ,0 ,79 ,6 ,6 ,0 ,18 ,5 ,33 ,2 ,35 ,1,3,1,92,10,1
2 ,0 ,270 ,38 ,30 ,9 ,31 ,5 ,6 ,0 ,176 ,10 ,33 ,6 ,43 ,6 ,65 ,3 ,63 ,11,14,1,190,16,13
1 ,1 ,181 ,32 ,15 ,2 ,22 ,0 ,2 ,2 ,145 ,17 ,31 ,2 ,34 ,2 ,80 ,2 ,40 ,11,8,1,133,27,12
1 ,0 ,160 ,31 ,28 ,12 ,32 ,9 ,6 ,3 ,140 ,3 ,7 ,0 ,48 ,7 ,51 ,2 ,63 ,5,9,1,115,10,9
8 ,0 ,266 ,67 ,20 ,9 ,32 ,4 ,8 ,0 ,172 ,14 ,39 ,6 ,40 ,8 ,90 ,8 ,45 ,7,28,12,165,23,23
2 ,0 ,230 ,87 ,18 ,1 ,40 ,6 ,12 ,3 ,186 ,14 ,30 ,3 ,53 ,9 ,76 ,8 ,99 ,12,18,7,201,47,6
1 ,0 ,135 ,34 ,26 ,8 ,19 ,0 ,2 ,0 ,104 ,5 ,11 ,2 ,31 ,5 ,36 ,1 ,55 ,6,8,3,119,14,7
0 ,0 ,136 ,41 ,4 ,0 ,12 ,0 ,2 ,4 ,97 ,10 ,9 ,2 ,31 ,5 ,37 ,1 ,52 ,14,18,9,134,36,12
1 ,0 ,325 ,53 ,30 ,8 ,22 ,3 ,10 ,1 ,200 ,5 ,25 ,9 ,41 ,7 ,164 ,9 ,96 ,12,18,2,212,23,15
21 ,9 ,1804 ,862 ,143 ,75 ,195 ,47 ,92 ,33 ,1022 ,194 ,283 ,54 ,240 ,85 ,1075 ,102 ,518 ,165,106,29,919,301,222
0 ,0 ,154 ,34 ,13 ,2 ,20 ,3 ,6 ,0 ,116 ,7 ,9 ,2 ,40 ,6 ,44 ,0 ,69 ,6,16,2,98,4,12
0 ,0 ,122 ,36 ,7 ,0 ,6 ,0 ,1 ,0 ,90 ,8 ,4 ,0 ,20 ,1 ,33 ,0 ,24 ,4,11,14,111,13,21
6 ,1 ,295 ,85 ,41 ,14 ,52 ,10 ,2 ,4 ,304 ,24 ,24 ,5 ,77 ,19 ,98 ,3 ,158 ,31,20,4,198,37,13
1 ,0 ,144 ,40 ,24 ,7 ,19 ,2 ,0 ,0 ,112 ,7 ,12 ,3 ,29 ,4 ,42 ,2 ,45 ,12,9,0,121,19,6
2 ,0 ,101 ,32 ,10 ,0 ,18 ,2 ,2 ,0 ,114 ,10 ,4 ,4 ,28 ,4 ,63 ,5 ,62 ,6,12,0,98,15,10
5 ,1 ,225 ,63 ,37 ,7 ,23 ,11 ,16 ,3 ,189 ,20 ,22 ,6 ,46 ,8 ,132 ,9 ,55 ,19,15,4,175,26,26
3 ,0 ,332 ,124 ,28 ,9 ,36 ,7 ,9 ,1 ,252 ,20 ,19 ,4 ,59 ,14 ,201 ,10 ,129 ,22,19,1,268,78,11
4 ,3 ,213 ,76 ,13 ,0 ,25 ,4 ,13 ,1 ,226 ,12 ,23 ,3 ,60 ,8 ,127 ,1 ,87 ,4,18,1,174,29,20
1 ,4 ,215 ,83 ,23 ,8 ,30 ,0 ,5 ,0 ,147 ,3 ,6 ,1 ,48 ,7 ,65 ,4 ,94 ,21,13,1,162,39,15
1 ,0 ,114 ,19 ,7 ,4 ,3 ,1 ,2 ,0 ,67 ,6 ,9 ,2 ,25 ,2 ,39 ,1 ,38 ,8,6,1,94,2,15
1 ,0 ,115 ,39 ,27 ,5 ,9 ,0 ,6 ,1 ,50 ,1 ,5 ,1 ,17 ,2 ,37 ,2 ,23 ,6,1,0,123,11,5
1 ,2 ,224 ,62 ,21 ,16 ,18 ,3 ,3 ,8 ,146 ,13 ,16 ,5 ,38 ,8 ,90 ,5 ,56 ,9,12,3,184,17,12
2 ,0 ,351 ,122 ,40 ,22 ,23 ,6 ,7 ,1 ,210 ,22 ,24 ,6 ,40 ,6 ,124 ,5 ,90 ,22,22,3,228,28,15
1 ,0 ,60 ,13 ,8 ,1 ,9 ,1 ,2 ,0 ,47 ,6 ,11 ,4 ,8 ,4 ,19 ,2 ,23 ,2,5,1,94,14,2
0 ,0 ,199 ,41 ,19 ,11 ,18 ,6 ,1 ,1 ,167 ,16 ,11 ,1 ,35 ,8 ,82 ,4 ,68 ,13,13,1,182,45,3
5 ,2 ,655 ,209 ,83 ,25 ,67 ,14 ,39 ,8 ,548 ,44 ,67 ,15 ,96 ,12 ,243 ,15 ,249 ,57,75,3,349,77,75
7 ,1 ,475 ,120 ,65 ,20 ,56 ,8 ,19 ,5 ,345 ,20 ,27 ,5 ,89 ,13 ,131 ,7 ,135 ,26,46,1,298,43,32
0 ,0 ,114 ,7 ,16 ,2 ,11 ,0 ,1 ,0 ,91 ,6 ,10 ,2 ,21 ,2 ,36 ,3 ,45 ,5,3,0,61,4,3
112 ,21 ,11080 ,3080 ,1091 ,380 ,1152 ,224 ,398 ,86 ,7790 ,688 ,939 ,137 ,2061 ,343 ,4173 ,284 ,3508 ,659,793,129,"7,729","1,381",770
3 ,0 ,301 ,65 ,61 ,20 ,27 ,5 ,4 ,3 ,240 ,19 ,11 ,1 ,56 ,9 ,111 ,15 ,75 ,14,9,1,203,28,21
4 ,0 ,99 ,27 ,3 ,2 ,12 ,0 ,12 ,1 ,71 ,4 ,7 ,1 ,23 ,6 ,38 ,2 ,23 ,7,5,1,94,25,8
0 ,0 ,158 ,45 ,16 ,0 ,8 ,0 ,13 ,1 ,99 ,2 ,10 ,1 ,39 ,8 ,28 ,2 ,34 ,6,11,4,98,8,17
1 ,0 ,258 ,52 ,23 ,0 ,15 ,3 ,5 ,4 ,169 ,5 ,14 ,0 ,39 ,7 ,85 ,2 ,100 ,11,10,2,191,22,12
7 ,0 ,126 ,35 ,9 ,2 ,26 ,4 ,29 ,6 ,228 ,13 ,11 ,3 ,31 ,5 ,67 ,4 ,43 ,13,12,1,89,7,8
0 ,0 ,125 ,26 ,4 ,0 ,17 ,4 ,0 ,0 ,87 ,6 ,10 ,1 ,26 ,3 ,37 ,3 ,57 ,5,9,1,83,10,3
1 ,0 ,216 ,37 ,5 ,0 ,17 ,0 ,9 ,4 ,130 ,18 ,9 ,8 ,40 ,10 ,51 ,4 ,85 ,9,22,5,143,26,19
7 ,0 ,234 ,52 ,17 ,6 ,16 ,6 ,6 ,0 ,108 ,10 ,14 ,2 ,43 ,4 ,63 ,2 ,59 ,13,5,0,208,35,19
1 ,1 ,145 ,21 ,6 ,3 ,12 ,1 ,2 ,2 ,92 ,4 ,10 ,1 ,26 ,0 ,47 ,0 ,33 ,3,7,0,89,9,11
0 ,0 ,112 ,30 ,7 ,0 ,20 ,4 ,4 ,0 ,134 ,12 ,11 ,0 ,32 ,1 ,15 ,0 ,30 ,16,4,1,95,10,2
0 ,1 ,75 ,17 ,9 ,3 ,8 ,3 ,2 ,0 ,30 ,2 ,12 ,2 ,18 ,1 ,62 ,3 ,27 ,2,6,0,93,23,2
2 ,0 ,334 ,101 ,37 ,15 ,31 ,7 ,6 ,4 ,187 ,25 ,18 ,1 ,70 ,8 ,73 ,6 ,53 ,10,17,4,226,30,21
2 ,0 ,86 ,18 ,9 ,1 ,21 ,1 ,1 ,1 ,50 ,4 ,5 ,1 ,11 ,5 ,25 ,0 ,21 ,0,6,0,63,4,7
4 ,1 ,574 ,168 ,87 ,25 ,88 ,13 ,22 ,4 ,271 ,12 ,23 ,5 ,88 ,15 ,102 ,8 ,153 ,25,37,3,345,69,32
0 ,0 ,101 ,24 ,11 ,4 ,11 ,6 ,1 ,1 ,77 ,6 ,15 ,0 ,30 ,5 ,47 ,3 ,30 ,6,5,0,92,21,8
2 ,0 ,288 ,53 ,38 ,5 ,29 ,2 ,7 ,1 ,165 ,14 ,33 ,4 ,42 ,4 ,86 ,5 ,68 ,6,18,2,244,30,14
2 ,0 ,171 ,45 ,7 ,1 ,16 ,2 ,5 ,2 ,159 ,15 ,40 ,3 ,29 ,8 ,84 ,8 ,45 ,6,9,2,123,25,15
1 ,0 ,175 ,29 ,30 ,12 ,22 ,5 ,8 ,1 ,151 ,5 ,7 ,4 ,55 ,4 ,57 ,2 ,66 ,7,13,2,119,17,12
3 ,1 ,250 ,64 ,25 ,11 ,31 ,4 ,6 ,0 ,157 ,15 ,42 ,4 ,44 ,10 ,105 ,8 ,47 ,13,15,4,212,21,29
2 ,1 ,311 ,82 ,26 ,0 ,39 ,11 ,13 ,2 ,233 ,16 ,17 ,4 ,53 ,6 ,107 ,5 ,130 ,17,25,6,240,44,4
1 ,0 ,136 ,25 ,21 ,9 ,8 ,2 ,2 ,0 ,88 ,3 ,15 ,0 ,27 ,4 ,27 ,0 ,39 ,4,8,2,118,17,10
1 ,0 ,112 ,37 ,9 ,0 ,17 ,5 ,6 ,1 ,112 ,7 ,7 ,0 ,43 ,2 ,38 ,2 ,56 ,9,18,8,155,30,6
3 ,0 ,345 ,75 ,38 ,18 ,34 ,3 ,8 ,1 ,182 ,10 ,23 ,2 ,67 ,6 ,205 ,17 ,99 ,8,26,3,194,26,20
26 ,8 ,1827 ,775 ,169 ,84 ,205 ,45 ,84 ,21 ,1087 ,189 ,263 ,49 ,265 ,67 ,1156 ,106 ,494 ,194,135,31,"1,010",308,221
0 ,1 ,186 ,38 ,11 ,0 ,17 ,3 ,0 ,1 ,136 ,9 ,8 ,0 ,44 ,6 ,38 ,2 ,70 ,8,11,0,120,5,13
3 ,0 ,115 ,37 ,4 ,0 ,7 ,2 ,1 ,1 ,89 ,8 ,6 ,1 ,24 ,1 ,35 ,1 ,30 ,8,11,1,128,18,17
1 ,1 ,337 ,134 ,55 ,19 ,49 ,12 ,9 ,5 ,355 ,47 ,23 ,3 ,81 ,28 ,89 ,8 ,192 ,45,22,5,254,50,6
0 ,0 ,150 ,33 ,22 ,2 ,26 ,0 ,2 ,0 ,110 ,9 ,7 ,0 ,29 ,5 ,47 ,3 ,94 ,8,10,1,134,20,2
0 ,0 ,118 ,25 ,5 ,1 ,15 ,1 ,1 ,0 ,135 ,7 ,8 ,1 ,31 ,0 ,39 ,4 ,40 ,4,9,2,134,7,6
1 ,0 ,280 ,69 ,33 ,12 ,19 ,9 ,17 ,3 ,266 ,27 ,15 ,4 ,51 ,14 ,109 ,6 ,87 ,16,18,2,165,33,20
3 ,0 ,356 ,124 ,26 ,10 ,25 ,6 ,11 ,0 ,223 ,14 ,30 ,4 ,66 ,9 ,112 ,5 ,126 ,13,21,2,216,75,12
3 ,0 ,222 ,54 ,10 ,2 ,20 ,4 ,1 ,1 ,250 ,19 ,13 ,0 ,60 ,6 ,98 ,6 ,102 ,9,26,1,175,25,10
3 ,0 ,227 ,65 ,28 ,4 ,14 ,4 ,5 ,1 ,147 ,12 ,11 ,1 ,54 ,10 ,88 ,2 ,74 ,7,23,3,172,44,8
0 ,0 ,128 ,16 ,2 ,1 ,14 ,1 ,2 ,0 ,54 ,3 ,8 ,0 ,27 ,3 ,34 ,0 ,33 ,3,7,1,108,4,6
0 ,0 ,159 ,43 ,5 ,9 ,17 ,4 ,2 ,0 ,47 ,4 ,8 ,1 ,17 ,5 ,32 ,2 ,29 ,1,11,3,102,16,15
0 ,0 ,230 ,46 ,33 ,17 ,26 ,9 ,8 ,3 ,147 ,11 ,12 ,0 ,41 ,9 ,58 ,5 ,71 ,8,26,0,192,12,13
5 ,1 ,369 ,108 ,40 ,21 ,14 ,9 ,14 ,1 ,227 ,25 ,30 ,6 ,53 ,14 ,105 ,2 ,92 ,25,24,2,254,32,20
4 ,0 ,83 ,19 ,9 ,1 ,10 ,1 ,1 ,1 ,78 ,2 ,4 ,1 ,11 ,2 ,16 ,0 ,23 ,3,2,0,106,36,6
2 ,0 ,220 ,31 ,22 ,6 ,19 ,3 ,8 ,0 ,148 ,9 ,21 ,0 ,30 ,5 ,59 ,6 ,57 ,7,16,0,221,32,6
10 ,5 ,773 ,201 ,62 ,33 ,61 ,14 ,37 ,8 ,683 ,42 ,72 ,12 ,112 ,13 ,294 ,14 ,317 ,62,71,17,401,76,57
2 ,0 ,452 ,114 ,47 ,17 ,61 ,6 ,20 ,1 ,296 ,17 ,28 ,5 ,112 ,10 ,175 ,10 ,168 ,27,43,1,243,41,28
2 ,0 ,116 ,20 ,10 ,4 ,8 ,0 ,4 ,0 ,92 ,7 ,8 ,1 ,21 ,5 ,29 ,1 ,36 ,1,10,5,77,10,4
